account_no,customer_name,alias,customer_group,legacy_codes,contract_numbers,contract_sl_nos,emirate,place_of_supply,district,address,po_box,email,phone,mobile,trn,priority,latitude,longitude,maps_link_coords,location_source,location_status,required_info,notes
11111,Rafid for Automotive Solutions LLC,RAFID,,001,1142/26,86,Sharjah,Sharjah,Wasit,"AL WASIT ROAD, AL AZRAA",4648,m.hassan@rafid.ae,,0563980333,100047581200003,High,25.375493,55.453998,"https://www.google.com/maps?q=25.375493,55.453998",CONTRACT_MASTER,VERIFIED,,Location inherited from contract master (SL 86)
11112,Sedar Decor Factory LLC,SEDAR,,002,,,,,,,6879,,,,100289392100003,High,,,,NONE,NO_LOCATION,ASK: EMAIL; ASK: PHONE/MOBILE; ASK: ADDRESS; ASK: EMIRATE/PLACE_OF_SUPPLY; ASK: LOCATION_PIN,
11113,Medpharma Pharma & Chemical Industries LLC,,,003,,,Sharjah,Sharjah,Industrial Area,"Street no 37, Industrial area",,Dosey.Domenic@bauschhealth.com,,,100375097100003,High,25.3169,55.4187,"https://www.google.com/maps?q=25.316900,55.418700",AREA_CENTROID,AREA_APPROX,ASK: PHONE/MOBILE,District-level coordinates only — capture exact pin on first visit
11114,LATTAFA PERFUMES IND. LLC,,,004,,,Sharjah,Sharjah,Industrial Area,Industrial area,69793,,,,100601837600003,High,25.3169,55.4187,"https://www.google.com/maps?q=25.316900,55.418700",AREA_CENTROID,AREA_APPROX,ASK: EMAIL; ASK: PHONE/MOBILE,District-level coordinates only — capture exact pin on first visit
11115,Shifa Al Jazeera Medical Centre,SAJMC SHJ R,SHIFA AL JAZEERA GROUP,005,,,Sharjah,Sharjah,Al Rolla,"Al Zahra'a St - Al Gharb - Al Musalla, ROLLA",62236,,,0568897106,104990510000003,,25.35707,55.391061,"https://www.google.com/maps?q=25.357070,55.391061",AREA_CENTROID,AREA_APPROX,ASK: EMAIL,District-level coordinates only — capture exact pin on first visit
11116,Shifa Al Jazeera Medical Centre LLC,SAJMC AJM SANAYA,SHIFA AL JAZEERA GROUP,006,,,Sharjah,Sharjah,Industrial Area,Industrial area,,,,0557107385,100530816600003,,25.3169,55.4187,"https://www.google.com/maps?q=25.316900,55.418700",AREA_CENTROID,AREA_APPROX,ASK: EMAIL,District-level coordinates only — capture exact pin on first visit
11117,Shifa Al Rabee Medical Centre,SAJMC SHJ M,,007,,,Sharjah,Sharjah,Muwaileh,Muweilah,,,,0557107385,100569805300003,,25.295924,55.486309,"https://www.google.com/maps?q=25.295924,55.486309",AREA_CENTROID,AREA_APPROX,ASK: EMAIL,District-level coordinates only — capture exact pin on first visit
11118,Shifa Al Jazeera Medical Centre LLC Br 1,SAJMC AJM JURF,SHIFA AL JAZEERA GROUP,008,,,Ajman,Ajman,,Jurf,,,,0557107385,100530816600003,,25.4052,55.5136,"https://www.google.com/maps?q=25.405200,55.513600",AREA_CENTROID,AREA_APPROX,ASK: EMAIL,Emirate-level coordinates only — capture exact pin on first visit
11119,Vivat International Trading LLC,,,009,,,Sharjah,Sharjah,Industrial Area,Industrial area,,accounting@vivat-uae.net,,,100017226000003,Medium,25.3169,55.4187,"https://www.google.com/maps?q=25.316900,55.418700",AREA_CENTROID,AREA_APPROX,ASK: PHONE/MOBILE,District-level coordinates only — capture exact pin on first visit
11121,HOME PLUS HOMES FACILITIES MANAGEMENT,Bassam Tower,,010,,,,,,"Office #437, Emirates Atrium Building , Sheikh Zayed Rd.",,nawodika@hhsre.com,043966695,,100039018500003,,,,,NONE,NO_LOCATION,ASK: EMIRATE/PLACE_OF_SUPPLY; ASK: LOCATION_PIN,
11122,AL MAWRID PRINTING & ADVERTISING IND LLC,,AL MAWRID PRINTING GROUP,011,1197/26,141,Sharjah,Sharjah,Industrial Area,,1888,info@almawrid.ae,,,100047737000003,,25.287213,55.429521,"https://www.google.com/maps?q=25.287213,55.429521",CONTRACT_MASTER,VERIFIED,ASK: PHONE/MOBILE; ASK: ADDRESS,Location inherited from contract master (SL 141)
11123,Origami Restaurant LLC,,THE FOOD DISTRICT,"012,",1206/26,150,Sharjah,Sharjah,Muwaileh,Aljada,,costcontroller@thefooddistrict.co,,,100243335500003,Medium,25.319304,55.479454,"https://www.google.com/maps?q=25.319304,55.479454",CONTRACT_MASTER,VERIFIED,ASK: PHONE/MOBILE,Location inherited from contract master (SL 150)
11124,Moon Slice Restaurant LLC,,THE FOOD DISTRICT,013,,,Sharjah,Sharjah,Muwaileh,"Aljada , Muwaileh Commercial",,costcontroller@thefooddistrict.co,,,100475114300003,Medium,25.295924,55.486309,"https://www.google.com/maps?q=25.295924,55.486309",AREA_CENTROID,AREA_APPROX,ASK: PHONE/MOBILE,District-level coordinates only — capture exact pin on first visit
11125,MEERA RESTAURANT,,MEERA RESTAURANT GROUP,"014,",,,,,,BACK AL WAHDA CITY CENTRE,71194,,0504606190,,100357190600003,,,,,NONE,NO_LOCATION,ASK: EMAIL; ASK: EMIRATE/PLACE_OF_SUPPLY; ASK: LOCATION_PIN,
11126,NAVITAS CHEMICALS FZE,,,015,,,Sharjah,Sharjah,Al Hamriyah,Hamriya Free Zone 2,53721,,067641064,,100051771200003,,25.456513,55.513359,"https://www.google.com/maps?q=25.456513,55.513359",AREA_CENTROID,AREA_APPROX,ASK: EMAIL,District-level coordinates only — capture exact pin on first visit
11127,Heirs of Abdullah Mohammed Al Roken,,,016,,,,,,,,,,,,,,,,NONE,NO_LOCATION,ASK: EMAIL; ASK: PHONE/MOBILE; ASK: ADDRESS; ASK: TRN; ASK: EMIRATE/PLACE_OF_SUPPLY; ASK: LOCATION_PIN,
11128,NESTO HYPERMARKET SOLE PROPRIETORSHIP LLC-BR 4,NESTO ABU SHAGARA,,,,,Sharjah,Sharjah,Abu Shagara,"New liberty Signal, Abu Shagara",,admin.hygiene@nestogroup.com,,,100247587700003,,25.336248,55.395397,"https://www.google.com/maps?q=25.336248,55.395397",AREA_CENTROID,AREA_APPROX,ASK: PHONE/MOBILE,District-level coordinates only — capture exact pin on first visit
11129,NEW NESTO CENTER SOLE PROPRIETOSHIP LLC,NESTO NPT,,018,,,,,,"Opp. Muweila Fire Station , National Paints",,admin.hygeine@nestogroup.com,,,100247587700003,,,,,NONE,NO_LOCATION,ASK: PHONE/MOBILE; ASK: EMIRATE/PLACE_OF_SUPPLY; ASK: LOCATION_PIN,
11131,Marhaba Auctions,,,,,,Dubai,Dubai,,"AL Quoz Industrial area 1, Plot No :  188-0",,info@marhabaauctions.com,,+971526600140,,,25.2048,55.2708,"https://www.google.com/maps?q=25.204800,55.270800",AREA_CENTROID,AREA_APPROX,ASK: TRN,Emirate-level coordinates only — capture exact pin on first visit
11132,NASEEM AL BARARI TRADING LLC,,,021,,,Dubai,Dubai,,"Al Dana Centre, Al Murqabat, Deira",22927,info@bararigroup.com,,,104758693600003,,25.2048,55.2708,"https://www.google.com/maps?q=25.204800,55.270800",AREA_CENTROID,AREA_APPROX,ASK: PHONE/MOBILE,Emirate-level coordinates only — capture exact pin on first visit
11133,AURORA GLAMOUR TRADING CO. L.L.C,,,022,,,Dubai,Dubai,,Dubai Festival City Mall,,,,,,,25.2048,55.2708,"https://www.google.com/maps?q=25.204800,55.270800",AREA_CENTROID,AREA_APPROX,ASK: EMAIL; ASK: PHONE/MOBILE; ASK: TRN,Emirate-level coordinates only — capture exact pin on first visit
11134,Customer,,,,,,,,,,,,,,,,,,,NONE,NO_LOCATION,ASK: EMAIL; ASK: PHONE/MOBILE; ASK: ADDRESS; ASK: TRN; ASK: EMIRATE/PLACE_OF_SUPPLY; ASK: LOCATION_PIN,
11135,Liberty Printing Press L.L.C,,,023,,,Ajman,Ajman,Industrial Area 2,"Amman Street , Ajman Industrial 2",,,,,100356505600003,,25.375639,55.471136,"https://www.google.com/maps?q=25.375639,55.471136",AREA_CENTROID,AREA_APPROX,ASK: EMAIL; ASK: PHONE/MOBILE,District-level coordinates only — capture exact pin on first visit
11136,Al Sadaf Al Ahmar Rest LLC Sole Proprietorship,The Bhukkad Cafe,,024,,,,,,Al Zahia City Centre,,,,,,,,,,NONE,NO_LOCATION,ASK: EMAIL; ASK: PHONE/MOBILE; ASK: TRN; ASK: EMIRATE/PLACE_OF_SUPPLY; ASK: LOCATION_PIN,
11137,Dubai Dates Factory LLC,,,025,1230/26,173,Sharjah,Sharjah,Industrial Area,IND AREA,,,,,10478693600003,,25.302294,55.433374,"https://www.google.com/maps?q=25.302294,55.433374",CONTRACT_MASTER,VERIFIED,ASK: EMAIL; ASK: PHONE/MOBILE,Location inherited from contract master (SL 173)
11138,Clove Tree Restaurant,,,026,,,Dubai,Dubai,,"Silicone Central Mall, Dubai Silicone Oasis",,,,,,,25.2048,55.2708,"https://www.google.com/maps?q=25.204800,55.270800",AREA_CENTROID,AREA_APPROX,ASK: EMAIL; ASK: PHONE/MOBILE; ASK: TRN,Emirate-level coordinates only — capture exact pin on first visit
11139,Vision Investment,,,027,,,,,,,,,,,100070339500003,,,,,NONE,NO_LOCATION,ASK: EMAIL; ASK: PHONE/MOBILE; ASK: ADDRESS; ASK: EMIRATE/PLACE_OF_SUPPLY; ASK: LOCATION_PIN,
11141,Sinaa Automatic Bakery,,,028,1199/26,143,Sharjah,Sharjah,Al Dhaid,Al Dhaid,13385,,,,10006321310003,,25.203441,55.966304,"https://www.google.com/maps?q=25.203441,55.966304",CONTRACT_MASTER,VERIFIED,ASK: EMAIL; ASK: PHONE/MOBILE,Location inherited from contract master (SL 143)
11142,La Marquise Diamond & Watches LLC Br,,,029,,,,,,Al Zahia City Center,,,,,100285065700003,,,,,NONE,NO_LOCATION,ASK: EMAIL; ASK: PHONE/MOBILE; ASK: EMIRATE/PLACE_OF_SUPPLY; ASK: LOCATION_PIN,
11143,Al Fardan Exchange LLC,,,030,,,Sharjah,Sharjah,,SHARJAH - ZCC,,,,,100020093900003,,25.3463,55.4209,"https://www.google.com/maps?q=25.346300,55.420900",AREA_CENTROID,AREA_APPROX,ASK: EMAIL; ASK: PHONE/MOBILE,Emirate-level coordinates only — capture exact pin on first visit
11144,Caesars Restaurant,ALSHAAB,CAESAR CONFECTIONARY GROUP,032,,,,,,Al Shaab,5077,,,,,Medium,,,,NONE,NO_LOCATION,ASK: EMAIL; ASK: PHONE/MOBILE; ASK: TRN; ASK: EMIRATE/PLACE_OF_SUPPLY; ASK: LOCATION_PIN,
11145,Caesars Restaurant & Confectionery,,CAESAR CONFECTIONARY GROUP,"033,",1214/26,157,Sharjah,Sharjah,Al Majaz,Meena Road,5077,,,,,Medium,25.327397,55.387767,"https://www.google.com/maps?q=25.327397,55.387767",CONTRACT_MASTER,VERIFIED,ASK: EMAIL; ASK: PHONE/MOBILE; ASK: TRN,Location inherited from contract master (SL 157)
11146,AL BAMBOO CHINESE RESTAURANT,,,034,1111/26,56,Sharjah,Sharjah,Abu Shagara,Abushagara,,,065599123,,,,25.334129,55.389974,"https://www.google.com/maps?q=25.334129,55.389974",CONTRACT_MASTER,VERIFIED,ASK: EMAIL; ASK: TRN,Location inherited from contract master (SL 56)
11147,NOOR AL QAMAR RESTAURANT,,,035,1198/26,142,Sharjah,Sharjah,Abu Shagara,Abushagara,37841,,0544226364,,,,25.370272,55.40147,"https://www.google.com/maps?q=25.370272,55.401470",CONTRACT_MASTER,UNVERIFIED,ASK: EMAIL; ASK: TRN,Location inherited from contract master (SL 142)
11148,BM TOWERS,,,036,,,Sharjah,Sharjah,Al Nahda,Al Nahda,,,,,,,25.301355,55.37487,"https://www.google.com/maps?q=25.301355,55.374870",AREA_CENTROID,AREA_APPROX,ASK: EMAIL; ASK: PHONE/MOBILE; ASK: TRN,District-level coordinates only — capture exact pin on first visit
11149,Juraina Villa,,,037,,,,,,Juraina,,,,0505042899,,,,,,NONE,NO_LOCATION,ASK: EMAIL; ASK: TRN; ASK: EMIRATE/PLACE_OF_SUPPLY; ASK: LOCATION_PIN,
11151,Luqman Pharmacy LLC,,,D038,,,Dubai,Dubai,,Satwa,57213,,,0561278354,100226601100003,,25.2048,55.2708,"https://www.google.com/maps?q=25.204800,55.270800",AREA_CENTROID,AREA_APPROX,ASK: EMAIL,Emirate-level coordinates only — capture exact pin on first visit
11152,Ocean Oilfield Drilling Rigs&marine Engg.Services FZE,Ocean,OCEAN OILFIELD GROUP,"039,",,,,,,SAIF ZONE,8574,acc@oceanoil.ae,+97165572040,,100255901900003,,,,,NONE,NO_LOCATION,ASK: EMIRATE/PLACE_OF_SUPPLY; ASK: LOCATION_PIN,
11153,Haji Pharmacy LLC,,,040,,,Dubai,Dubai,,Satwa,,,,,100226601100003,,25.2048,55.2708,"https://www.google.com/maps?q=25.204800,55.270800",AREA_CENTROID,AREA_APPROX,ASK: EMAIL; ASK: PHONE/MOBILE,Emirate-level coordinates only — capture exact pin on first visit
11154,AL IMAN ENGLISH NURSERY,,,041,1055/25,19,Sharjah,Sharjah,Halwan,AL ABAAR,21022,,065660664,,,,25.341856,55.425645,"https://www.google.com/maps?q=25.341856,55.425645",CONTRACT_MASTER,VERIFIED,ASK: EMAIL; ASK: TRN,Location inherited from contract master (SL 19)
11155,Mohamed Ghafour Shakri,,,,,,,,,,,,,,,,,,,NONE,NO_LOCATION,ASK: EMAIL; ASK: PHONE/MOBILE; ASK: ADDRESS; ASK: TRN; ASK: EMIRATE/PLACE_OF_SUPPLY; ASK: LOCATION_PIN,
11156,Hadeqat Udupi Rest. LLC,Saaranga Bhojan,,042,1080/25,32,Sharjah,Sharjah,Al Khan,Al Khan,39073,,0558349160,,100235507900003,,25.314391,55.375385,"https://www.google.com/maps?q=25.314391,55.375385",CONTRACT_MASTER,AREA_APPROX,ASK: EMAIL,Location inherited from contract master (SL 32)
11157,CORE CAFETERIA L.L.C,Core Café,,043,,,Sharjah,Sharjah,Muwaileh,Aljada,,,,,,,25.295924,55.486309,"https://www.google.com/maps?q=25.295924,55.486309",AREA_CENTROID,AREA_APPROX,ASK: EMAIL; ASK: PHONE/MOBILE; ASK: TRN,District-level coordinates only — capture exact pin on first visit
11158,"Saga Spa for Men Per Person Company LLC, Br. 1",Saga Spa ~ Halwan,,045,1136/26,80,Sharjah,Sharjah,Halwan,Halwan,,,,+971561289289,100248811000003,,25.307659,55.458394,"https://www.google.com/maps?q=25.307659,55.458394",CONTRACT_MASTER,VERIFIED,ASK: EMAIL,Location inherited from contract master (SL 80)
11159,Saga Spa for Men Per Person Company LLC,Saga Spa ~ Muweilah,,044,1136/26,80,Sharjah,Sharjah,Muwaileh,Muweilah,,,,,100248811000003,,25.307659,55.458394,"https://www.google.com/maps?q=25.307659,55.458394",CONTRACT_MASTER,VERIFIED,ASK: EMAIL; ASK: PHONE/MOBILE,Location inherited from contract master (SL 80)
11161,HEIRS OF FARAJ AMRALLA ABDULLA ABDULRAHIM,FARAJ BLDG 3,,0201,,,Sharjah,Sharjah,Al Nahda,Al Nahda - 2,,,,,104037256500003,,25.301355,55.37487,"https://www.google.com/maps?q=25.301355,55.374870",AREA_CENTROID,AREA_APPROX,ASK: EMAIL; ASK: PHONE/MOBILE,District-level coordinates only — capture exact pin on first visit
11162,MATRIX PACKING MATERIALS MANUFACTURING LLC,,,049,,,,,,INDUS AREA,,,,,100282144300003,,,,,NONE,NO_LOCATION,ASK: EMAIL; ASK: PHONE/MOBILE; ASK: EMIRATE/PLACE_OF_SUPPLY; ASK: LOCATION_PIN,
11163,ALSERKAL GROUP,,,,,,,,,,,,,,,,,,,NONE,NO_LOCATION,ASK: EMAIL; ASK: PHONE/MOBILE; ASK: ADDRESS; ASK: TRN; ASK: EMIRATE/PLACE_OF_SUPPLY; ASK: LOCATION_PIN,
11164,INTERNATIONAL MODERN HOSPITAL,IMH,,050,,,,,,,,,,,,,,,,NONE,NO_LOCATION,ASK: EMAIL; ASK: PHONE/MOBILE; ASK: ADDRESS; ASK: TRN; ASK: EMIRATE/PLACE_OF_SUPPLY; ASK: LOCATION_PIN,
11165,Design Mode Interiors LLC,SHJ Police HQ,,051,,,,,,,,,,,,,,,,NONE,NO_LOCATION,ASK: EMAIL; ASK: PHONE/MOBILE; ASK: ADDRESS; ASK: TRN; ASK: EMIRATE/PLACE_OF_SUPPLY; ASK: LOCATION_PIN,
11166,AL SHAMS MEDICAL CENTRE LLC,,,052,,,,,,,,,,,,,,,,NONE,NO_LOCATION,ASK: EMAIL; ASK: PHONE/MOBILE; ASK: ADDRESS; ASK: TRN; ASK: EMIRATE/PLACE_OF_SUPPLY; ASK: LOCATION_PIN,
11167,Villa No. 4A,,,,,,Sharjah,Sharjah,Al Jazzat,Al Jazzat,,,,,,,25.363352,55.427047,"https://www.google.com/maps?q=25.363352,55.427047",AREA_CENTROID,AREA_APPROX,ASK: EMAIL; ASK: PHONE/MOBILE; ASK: TRN,District-level coordinates only — capture exact pin on first visit
11168,FOURWINDS COMPANY,ADIL BOUNIF,,053,,,,,,,,,,,,,,,,NONE,NO_LOCATION,ASK: EMAIL; ASK: PHONE/MOBILE; ASK: ADDRESS; ASK: TRN; ASK: EMIRATE/PLACE_OF_SUPPLY; ASK: LOCATION_PIN,
11169,AL KHIBRAH DOMESTIC WORKERS SERVICES CENTER  LLC,TADBEER,,054,,,,,,,,,,0581034963,100045237300003,,,,,NONE,NO_LOCATION,ASK: EMAIL; ASK: ADDRESS; ASK: EMIRATE/PLACE_OF_SUPPLY; ASK: LOCATION_PIN,
11171,POWER MAX TRADING LLC,,,,,,Sharjah,Sharjah,Industrial Area 15,"M-Floor,Dream City Discount Centre Building, Industrial Area 15",,pmax@pm-ax.com,,+97165340294,,,25.311094,55.413447,"https://www.google.com/maps?q=25.311094,55.413447",AREA_CENTROID,AREA_APPROX,ASK: TRN,District-level coordinates only — capture exact pin on first visit
11172,WINNOW SOLUTIONS MEA FZ-LLC,,,057,,,Dubai,Dubai,,"Makateb 2, Sheikh Mohammed bin Zayed Road, Dubai production city",73030,,,,100468357700003,,25.2048,55.2708,"https://www.google.com/maps?q=25.204800,55.270800",AREA_CENTROID,AREA_APPROX,ASK: EMAIL; ASK: PHONE/MOBILE,Emirate-level coordinates only — capture exact pin on first visit
11173,Al Suma Electric and Switch Gear,,,058,,,,,,,,,,,,,,,,NONE,NO_LOCATION,ASK: EMAIL; ASK: PHONE/MOBILE; ASK: ADDRESS; ASK: TRN; ASK: EMIRATE/PLACE_OF_SUPPLY; ASK: LOCATION_PIN,
11174,BERG AND SCHMIDT MIDDLE EAST TRADING L.L.C,,,,,,,,,,,,,,,,,,,NONE,NO_LOCATION,ASK: EMAIL; ASK: PHONE/MOBILE; ASK: ADDRESS; ASK: TRN; ASK: EMIRATE/PLACE_OF_SUPPLY; ASK: LOCATION_PIN,
11175,INAYA FACILITIES MANAGEMENT SERVICES L.L.C,INAYA,,060,,,Dubai,Dubai,,"Nakheel Asset Management Building, The Gardens, Jebel Ali",,,,,104484589700003,,25.2048,55.2708,"https://www.google.com/maps?q=25.204800,55.270800",AREA_CENTROID,AREA_APPROX,ASK: EMAIL; ASK: PHONE/MOBILE,Emirate-level coordinates only — capture exact pin on first visit
11176,Zenith Concepts Interior Decorating Co. LLC,,,061,,,,,,,,,,,,,,,,NONE,NO_LOCATION,ASK: EMAIL; ASK: PHONE/MOBILE; ASK: ADDRESS; ASK: TRN; ASK: EMIRATE/PLACE_OF_SUPPLY; ASK: LOCATION_PIN,
11177,AMOUN PHARMACEUTICAL CO.S.A.E,,,1324,,,Dubai,Dubai,,"FLAT:3007, BUILDING NO: 64, DUBAI HEALTH CARE CITY, OUD METHA",,emad.aly@hotmail.com,0557439334,,,,25.2048,55.2708,"https://www.google.com/maps?q=25.204800,55.270800",AREA_CENTROID,AREA_APPROX,ASK: TRN,Emirate-level coordinates only — capture exact pin on first visit
11178,Landmark Retail Investment Co LLC,Emax & others,,064,,,Dubai,Dubai,,"Landndmark Tower, Al Marsa, Dubai Marina",120010,,,,100260641400003,,25.2048,55.2708,"https://www.google.com/maps?q=25.204800,55.270800",AREA_CENTROID,AREA_APPROX,ASK: EMAIL; ASK: PHONE/MOBILE,Emirate-level coordinates only — capture exact pin on first visit
11179,SEVEN OAKS NURSERY,,,065,,,Sharjah,Sharjah,Al Khan,ALKHAN,61835,,,,100336629900003,,25.314391,55.375385,"https://www.google.com/maps?q=25.314391,55.375385",AREA_CENTROID,AREA_APPROX,ASK: EMAIL; ASK: PHONE/MOBILE,District-level coordinates only — capture exact pin on first visit
11181,Al Barq real estate,,,,,,,,,,,,0529298599,,,,,,,NONE,NO_LOCATION,ASK: EMAIL; ASK: ADDRESS; ASK: TRN; ASK: EMIRATE/PLACE_OF_SUPPLY; ASK: LOCATION_PIN,
11182,Leaders real estate,Nizam,,,1057/25,21,Sharjah,Sharjah,Sharjah,,,,,0559997765,,,25.371052,55.392017,"https://www.google.com/maps?q=25.371052,55.392017",CONTRACT_MASTER,VERIFIED,ASK: EMAIL; ASK: ADDRESS; ASK: TRN,Location inherited from contract master (SL 21)
11183,Home Book Property Managment,,,,,,Dubai,Dubai,,Mirdif,,,,,,,25.2048,55.2708,"https://www.google.com/maps?q=25.204800,55.270800",AREA_CENTROID,AREA_APPROX,ASK: EMAIL; ASK: PHONE/MOBILE; ASK: TRN,Emirate-level coordinates only — capture exact pin on first visit
11184,AL WARDA AL SAFRA SUPERMARKET LLC - SOLE PROPRIETORSHIP,,,779248,,,Sharjah,Sharjah,Industrial Area,"AL WAHDA ROAD, Industrial Area",,,150288,0506995152,,,25.3169,55.4187,"https://www.google.com/maps?q=25.316900,55.418700",AREA_CENTROID,AREA_APPROX,ASK: EMAIL; ASK: TRN,District-level coordinates only — capture exact pin on first visit
11185,MAMZAR AL NAHDA GROCERY LLC,,,,,,Sharjah,Sharjah,Industrial Area,INDUSTRIAL AREA,,,,0506995152,,,25.3169,55.4187,"https://www.google.com/maps?q=25.316900,55.418700",AREA_CENTROID,AREA_APPROX,ASK: EMAIL; ASK: TRN,District-level coordinates only — capture exact pin on first visit
11186,AL FANNAN PRINTING PRESS L.L.C,,,1093/23,,,Sharjah,Sharjah,Industrial Area 15,Street No 23 Industrial Area 15,24850,,0505879911,,100350476600003,,25.311094,55.413447,"https://www.google.com/maps?q=25.311094,55.413447",AREA_CENTROID,AREA_APPROX,ASK: EMAIL,District-level coordinates only — capture exact pin on first visit
11187,SEVEN OAKS OWNER VILLA,,,,,,,,,,,,,,100336629900003,,,,,NONE,NO_LOCATION,ASK: EMAIL; ASK: PHONE/MOBILE; ASK: ADDRESS; ASK: EMIRATE/PLACE_OF_SUPPLY; ASK: LOCATION_PIN,
11188,GOLDEN LINE PRINTING PRESS L.L.C,,,,,,,,,,35948,golden_p@emirates.net.ae,065348883,0505478760,100218002200003,,,,,NONE,NO_LOCATION,ASK: ADDRESS; ASK: EMIRATE/PLACE_OF_SUPPLY; ASK: LOCATION_PIN,
11189,Seven emirates cafeteria,,,,1113/26,58,Sharjah,Sharjah,Industrial Area 01,Industrial area 01 near sedana signal,,,065320123,,,,25.319013,55.395891,"https://www.google.com/maps?q=25.319013,55.395891",CONTRACT_MASTER,VERIFIED,ASK: EMAIL; ASK: TRN,Location inherited from contract master (SL 58)
11191,Wesgreen International School (GEMS EDUCATION),,,98654,,,,,,,,,,,,,,,,NONE,NO_LOCATION,ASK: EMAIL; ASK: PHONE/MOBILE; ASK: ADDRESS; ASK: TRN; ASK: EMIRATE/PLACE_OF_SUPPLY; ASK: LOCATION_PIN,
11192,AL FALAK RESTAURANT,,,,,,Sharjah,Sharjah,Industrial Area 2,IND Area - 2,,,+971565485486,,,,25.311094,55.413447,"https://www.google.com/maps?q=25.311094,55.413447",AREA_CENTROID,AREA_APPROX,ASK: EMAIL; ASK: TRN,District-level coordinates only — capture exact pin on first visit
11193,CALICUT NOTEBOOK RESTAURANT,,,0209,,,Sharjah,Sharjah,Al Nabba,AL NABBA,72053,,0505618338,,100443009400003,,25.364588,55.396482,"https://www.google.com/maps?q=25.364588,55.396482",AREA_CENTROID,AREA_APPROX,ASK: EMAIL,District-level coordinates only — capture exact pin on first visit
11194,GCC EXCHANGE,,GCC EXCHANGE GROUP,", , 0309",,,,,,"Al Riga, Diera",7893+42,procurement@gccexchange.com,0562187442,,100025628700003,,,,,NONE,NO_LOCATION,ASK: EMIRATE/PLACE_OF_SUPPLY; ASK: LOCATION_PIN,
11195,LULU HYPERMARKET AL DHAID MALL,Lulu Accommodation Al Dhaid,,,,,Sharjah,Sharjah,Al Dhaid,Al Dhaid,,Abdulkaderpm@ae.lulumea.com,0097143250400,00971504334248,,,25.27092,55.876824,"https://www.google.com/maps?q=25.270920,55.876824",AREA_CENTROID,AREA_APPROX,ASK: TRN,District-level coordinates only — capture exact pin on first visit
11196,AL TANOOR AL AFGHANI RESTAURANT - SOLE PROPRIETORSHIP L.L.C,,,,,,Sharjah,Sharjah,Abu Shagara,Abushagara,,,,,,,25.336248,55.395397,"https://www.google.com/maps?q=25.336248,55.395397",AREA_CENTROID,AREA_APPROX,ASK: EMAIL; ASK: PHONE/MOBILE; ASK: TRN,District-level coordinates only — capture exact pin on first visit
11197,Ocean Oilfield Services (FZE),,OCEAN OILFIELD GROUP,,,,,,,Saif Zone,8574,acc@oceanoil.ae,+97165572040,,100072077900003,,,,,NONE,NO_LOCATION,ASK: EMIRATE/PLACE_OF_SUPPLY; ASK: LOCATION_PIN,
11198,Jereesh Restaurant,,,,,,Sharjah,Sharjah,Industrial Area 17,INDUSTRIAL AREA 17,,,0507722884,,,,25.286894,55.448507,"https://www.google.com/maps?q=25.286894,55.448507",AREA_CENTROID,AREA_APPROX,ASK: EMAIL; ASK: TRN,District-level coordinates only — capture exact pin on first visit
11199,AL FEHAIDI PHARMACY LLC,,,17812,,,,,,AL FAHIDI ST,,,043535335,,,,,,,NONE,NO_LOCATION,ASK: EMAIL; ASK: TRN; ASK: EMIRATE/PLACE_OF_SUPPLY; ASK: LOCATION_PIN,
11211,Taza Restaurant,Taza,,089,,,Sharjah,Sharjah,Al Nahda,"Sahara Center , Al Nahda",,,,,,,25.301355,55.37487,"https://www.google.com/maps?q=25.301355,55.374870",AREA_CENTROID,AREA_APPROX,ASK: EMAIL; ASK: PHONE/MOBILE; ASK: TRN,District-level coordinates only — capture exact pin on first visit
11212,VILLA-1 AL NEKHAILAT,,,,,,,,,HEERA SUBURB,,,0555140323,,,,,,,NONE,NO_LOCATION,ASK: EMAIL; ASK: TRN; ASK: EMIRATE/PLACE_OF_SUPPLY; ASK: LOCATION_PIN,
11213,QATR AL NADA LADIES SALOON,,,,1221/26,164,Sharjah,Sharjah,Halwan,HALWAN,,,0502544447,,,,25.345116,55.429193,"https://www.google.com/maps?q=25.345116,55.429193",CONTRACT_MASTER,VERIFIED,ASK: EMAIL; ASK: TRN,Location inherited from contract master (SL 164)
11214,FRIDAY CORNER  CAFETERIA,,,,1117/26,62,Sharjah,Sharjah,Muwaileh,MUWAILAH,,,,,,,25.296965,55.436972,"https://www.google.com/maps?q=25.296965,55.436972",CONTRACT_MASTER,VERIFIED,ASK: EMAIL; ASK: PHONE/MOBILE; ASK: TRN,Location inherited from contract master (SL 62)
11215,THE WHITE SPOT BEAUTY CENTER,,,,,,Sharjah,Sharjah,Muwaileh,MUWAILAH,43396,,0508923000,0568798744,,,25.295924,55.486309,"https://www.google.com/maps?q=25.295924,55.486309",AREA_CENTROID,AREA_APPROX,ASK: EMAIL; ASK: TRN,District-level coordinates only — capture exact pin on first visit
11216,LEADERS FITNESS,,,,1079/25,31,Dubai,Dubai,Al Qasimia,"M-05 , Bu Ameen Building, Karama,Dubai",,,,0553051143,100598531000003,,25.351212,55.392809,"https://www.google.com/maps?q=25.351212,55.392809",CONTRACT_MASTER,VERIFIED,ASK: EMAIL,Location inherited from contract master (SL 31)
11217,ALO BARBAR RESTAURANT - BRANCH - 1,,,,,,Sharjah,Sharjah,Al Majaz,AL MAJAZ CORNISH ROAD,,,0504502450,,,,25.330126,55.374338,"https://www.google.com/maps?q=25.330126,55.374338",AREA_CENTROID,AREA_APPROX,ASK: EMAIL; ASK: TRN,District-level coordinates only — capture exact pin on first visit
11218,AL ALAMIAH MEDICAL EQUIP. & DRUGS STORE LLC.,,,,,,Sharjah,Sharjah,Industrial Area 18,IND AREA-18,5042,,0508809932,,100039116700003,,25.311094,55.413447,"https://www.google.com/maps?q=25.311094,55.413447",AREA_CENTROID,AREA_APPROX,ASK: EMAIL,District-level coordinates only — capture exact pin on first visit
11219,VISION ADHENSIVE LABELS FACTORY L.L.C,,,,,,Sharjah,Sharjah,Industrial Area,Industrial area,1907,accounts@visionlabel.com,0555890594,,,,25.3169,55.4187,"https://www.google.com/maps?q=25.316900,55.418700",AREA_CENTROID,AREA_APPROX,ASK: TRN,District-level coordinates only — capture exact pin on first visit
11221,LIWA PHARMACY,,,,,,,,,AL QASMIA,7668,,0543240997,,,,,,,NONE,NO_LOCATION,ASK: EMAIL; ASK: TRN; ASK: EMIRATE/PLACE_OF_SUPPLY; ASK: LOCATION_PIN,
11222,TRUDOC PHARMACY L.L.C,,,,,,,,,UOD METHA,,,0558854365,,,,,,,NONE,NO_LOCATION,ASK: EMAIL; ASK: TRN; ASK: EMIRATE/PLACE_OF_SUPPLY; ASK: LOCATION_PIN,
11223,AL FANAR CAFE,,,,,,,,,JURAINA,,,0569904031,,,,,,,NONE,NO_LOCATION,ASK: EMAIL; ASK: TRN; ASK: EMIRATE/PLACE_OF_SUPPLY; ASK: LOCATION_PIN,
11224,CHOICE RESTAURANT FREE ZONE,,,,,,Sharjah,Sharjah,Al Hamriyah,HAMRIYA FREE ZONE,5655,,0549945420,,,,25.456513,55.513359,"https://www.google.com/maps?q=25.456513,55.513359",AREA_CENTROID,AREA_APPROX,ASK: EMAIL; ASK: TRN,District-level coordinates only — capture exact pin on first visit
11225,SEVEN GRAM CAFE L.L.C,,,,,,Sharjah,Sharjah,Al Dhaid,AL DHAID,1150,,0567056818,,,,25.27092,55.876824,"https://www.google.com/maps?q=25.270920,55.876824",AREA_CENTROID,AREA_APPROX,ASK: EMAIL; ASK: TRN,District-level coordinates only — capture exact pin on first visit
11226,MAC ISLAND CAFETERIA,,,,,,Sharjah,Sharjah,Al Yarmook,YARMOOK,,,0527402252,,,,25.350508,55.404911,"https://www.google.com/maps?q=25.350508,55.404911",AREA_CENTROID,AREA_APPROX,ASK: EMAIL; ASK: TRN,District-level coordinates only — capture exact pin on first visit
11227,Sharjah Trading,,,,,,,,,,,,,,,,,,,NONE,NO_LOCATION,ASK: EMAIL; ASK: PHONE/MOBILE; ASK: ADDRESS; ASK: TRN; ASK: EMIRATE/PLACE_OF_SUPPLY; ASK: LOCATION_PIN,
11228,Sharjah Trade Center,,,,,,Sharjah,Sharjah,Umm Al Tarafa,UMM ALTRAFA,,,0547069917,,,,25.3542,55.3946,"https://www.google.com/maps?q=25.354200,55.394600",AREA_CENTROID,AREA_APPROX,ASK: EMAIL; ASK: TRN,District-level coordinates only — capture exact pin on first visit
11229,Al Ajwah Al Thahabiah Supermarket,,,,,,Sharjah,Sharjah,Al Rolla,ROLLA,43573,,0506588702,,,,25.35707,55.391061,"https://www.google.com/maps?q=25.357070,55.391061",AREA_CENTROID,AREA_APPROX,ASK: EMAIL; ASK: TRN,District-level coordinates only — capture exact pin on first visit
11231,Bin Shenna Hair Dressing Salon,,,,,,,,,DAY TO DAY BACK,96127,,0508653556,,,,,,,NONE,NO_LOCATION,ASK: EMAIL; ASK: TRN; ASK: EMIRATE/PLACE_OF_SUPPLY; ASK: LOCATION_PIN,
11232,AL IKHTAYAR AL RAFEE                                     ROASTERY L .L .C,,,,,,Sharjah,Sharjah,Al Rolla,ROLLA,43573,,065661142,,,,25.35707,55.391061,"https://www.google.com/maps?q=25.357070,55.391061",AREA_CENTROID,AREA_APPROX,ASK: EMAIL; ASK: TRN,District-level coordinates only — capture exact pin on first visit
11233,Najmat Al Ramla Hair Dressing Salon,,,,,,Sharjah,Sharjah,Al Rolla,ROLLA,21928,,0551188628,,,,25.35707,55.391061,"https://www.google.com/maps?q=25.357070,55.391061",AREA_CENTROID,AREA_APPROX,ASK: EMAIL; ASK: TRN,District-level coordinates only — capture exact pin on first visit
11234,RASHEDA HAIR DRESSER SALON,,,,1090/25,41,Sharjah,Sharjah,Al Rolla,ROLLA,3629,,0562746438,,,,25.358938,55.388538,"https://www.google.com/maps?q=25.358938,55.388538",CONTRACT_MASTER,UNVERIFIED,ASK: EMAIL; ASK: TRN,Location inherited from contract master (SL 41)
11235,DAR BARAKAH HAIRDRESSING SALOON,,,,1145/26,89,Sharjah,Sharjah,Al Ghuwair,AL GHUWAIR,43573,,0554264433,,,,25.304994,55.38795,"https://www.google.com/maps?q=25.304994,55.387950",CONTRACT_MASTER,AREA_APPROX,ASK: EMAIL; ASK: TRN,Location inherited from contract master (SL 89)
11236,WAHAT AL NEJOUM HAIR DRESSING SALON,,,,,,,,,AL GURAIR,,,0501125536,,,,,,,NONE,NO_LOCATION,ASK: EMAIL; ASK: TRN; ASK: EMIRATE/PLACE_OF_SUPPLY; ASK: LOCATION_PIN,
11237,MIRDHIF VILLA,,,,,,,,,MIRDHIF,,,0521037093,,,,,,,NONE,NO_LOCATION,ASK: EMAIL; ASK: TRN; ASK: EMIRATE/PLACE_OF_SUPPLY; ASK: LOCATION_PIN,
11238,AL WAFA CENTRE GEN . TR. LLC SOLE PROPRIETORSHIP,NESTO AL WAHDA,,0071,,,,,,"8050 AL WAFA CENTRE GEN . TR Al Batha Real Estate Co. Building Plot No. 84, Al Yarmok, Al Wahdah Street",48702,,065660031,,100247587700003,,,,,NONE,NO_LOCATION,ASK: EMAIL; ASK: EMIRATE/PLACE_OF_SUPPLY; ASK: LOCATION_PIN,
11239,QUDRAH FITNESS,,,,,,Sharjah,Sharjah,,"Shop 6,Waterfront 3, Al Heera Beach Sharjah, Corniche Street, Sharjah Al Raffa",,,0508115155,,104312810500003,,25.3463,55.4209,"https://www.google.com/maps?q=25.346300,55.420900",AREA_CENTROID,AREA_APPROX,ASK: EMAIL,Emirate-level coordinates only — capture exact pin on first visit
11241,MANARA Al SAJAA SALOON,,,,,,Sharjah,Sharjah,Al Sajaa,AL SAJAA,54521,,0558926145,0564510370,,,25.311217,55.641176,"https://www.google.com/maps?q=25.311217,55.641176",AREA_CENTROID,AREA_APPROX,ASK: EMAIL; ASK: TRN,District-level coordinates only — capture exact pin on first visit
11242,Herangi Foods and Beverages Trading L.L.C,,,,,,Sharjah,Sharjah,Industrial Area,Qusis Industrial Area,48495,,0563713919,,,,25.3169,55.4187,"https://www.google.com/maps?q=25.316900,55.418700",AREA_CENTROID,AREA_APPROX,ASK: EMAIL; ASK: TRN,District-level coordinates only — capture exact pin on first visit
11243,WARDAT MUWAILEIH LADIES SALON,,,,,,Sharjah,Sharjah,Muwaileh,MUWAILAH,,,0553933405,,,,25.295924,55.486309,"https://www.google.com/maps?q=25.295924,55.486309",AREA_CENTROID,AREA_APPROX,ASK: EMAIL; ASK: TRN,District-level coordinates only — capture exact pin on first visit
11244,ZAWYA AL EBTEKAR HAIRDRESSER SALON,,,,1086/25,37,Sharjah,Sharjah,Al Mahatah,AL MAHATTA,3558,,0506221783,,,,25.348267,55.394102,"https://www.google.com/maps?q=25.348267,55.394102",CONTRACT_MASTER,VERIFIED,ASK: EMAIL; ASK: TRN,Location inherited from contract master (SL 37)
11245,AVR GENERAL TRADING LLC,,,,,,Dubai,Dubai,,AL QUSAIS INDUSTRIAL AREA,,,0563977740,,,,25.2048,55.2708,"https://www.google.com/maps?q=25.204800,55.270800",AREA_CENTROID,AREA_APPROX,ASK: EMAIL; ASK: TRN,Emirate-level coordinates only — capture exact pin on first visit
11246,VIRGINIA ANGUS RESTAURANT,,,,,,,,,CORNICHE,,,0543449523,,104075645200003,,,,,NONE,NO_LOCATION,ASK: EMAIL; ASK: EMIRATE/PLACE_OF_SUPPLY; ASK: LOCATION_PIN,
11247,NEW GENERATION FOOD SUPPLEMENTS TRADING LLC.,,,,,,,,,AL ZAHIA CITY CENTER,,,0506454577,,,,,,,NONE,NO_LOCATION,ASK: EMAIL; ASK: TRN; ASK: EMIRATE/PLACE_OF_SUPPLY; ASK: LOCATION_PIN,
11248,DYNAMIC INDUSTRIES LLC,,,00123,,,Sharjah,Sharjah,Al Sajaa,Sajaa Industerial Area,47311,,,,100004498000003,,25.311217,55.641176,"https://www.google.com/maps?q=25.311217,55.641176",AREA_CENTROID,AREA_APPROX,ASK: EMAIL; ASK: PHONE/MOBILE,District-level coordinates only — capture exact pin on first visit
11249,AL NOOR AL THAHABI AUTOMATIC BAKERY LLC,,,00123/762183,,,Sharjah,Sharjah,Industrial Area 12,"Industrial Area, 12",3872,,0521562392,,,,25.311094,55.413447,"https://www.google.com/maps?q=25.311094,55.413447",AREA_CENTROID,AREA_APPROX,ASK: EMAIL; ASK: TRN,District-level coordinates only — capture exact pin on first visit
11251,Zayid Bin Saqer Al Nehayan Al Khairya,,,00124,,,,,,,11092,,,,,,,,,NONE,NO_LOCATION,ASK: EMAIL; ASK: PHONE/MOBILE; ASK: ADDRESS; ASK: TRN; ASK: EMIRATE/PLACE_OF_SUPPLY; ASK: LOCATION_PIN,
11252,Accuro Specialist Support Services,,,SUBURBAN PC/2,1138/26,82,Sharjah,Sharjah,Industrial Area 11,Industrial Area 11,283923,,,,,,25.311094,55.413447,"https://www.google.com/maps?q=25.311094,55.413447",CONTRACT_MASTER,AREA_APPROX,ASK: EMAIL; ASK: PHONE/MOBILE; ASK: TRN,Location inherited from contract master (SL 82)
11253,SHAIKHA SHAIKHA MOHAMED SAQER ALQASSIMI,,,00127,,,Sharjah,Sharjah,Muwaileh,"Shop B-5, Al Salam Village Complex, Muweilah",,info@raap.ae,97165508768,971507160711,100306456300003,,25.295924,55.486309,"https://www.google.com/maps?q=25.295924,55.486309",AREA_CENTROID,AREA_APPROX,,District-level coordinates only — capture exact pin on first visit
11254,Grand Mall Sharjah,,,,,,Sharjah,Sharjah,Al Musalla,"49 Ibrahim Mohammed Al Medfa'a St, Al Mussalla, Al Gharb",124228,,065288622,+971526037075,,,25.06212,56.352787,"https://www.google.com/maps?q=25.062120,56.352787",AREA_CENTROID,AREA_APPROX,ASK: EMAIL; ASK: TRN,District-level coordinates only — capture exact pin on first visit
11255,GINCO CONT. CO. LLC LABOR CAMP PLOT NO : 382-0,LABOR CAMP PLOT NO : 382-0,,16203,,,Dubai,Dubai,,DIP 2 DUBAI,1809,,+971567380099,,,,25.2048,55.2708,"https://www.google.com/maps?q=25.204800,55.270800",AREA_CENTROID,AREA_APPROX,ASK: EMAIL; ASK: TRN,Emirate-level coordinates only — capture exact pin on first visit
11256,AL WAKEEL BAKERY,,,,1110/26,55,Sharjah,Sharjah,Abu Shagara,Abushagara,,,0558538400,,,,25.337179,55.389847,"https://www.google.com/maps?q=25.337179,55.389847",CONTRACT_MASTER,VERIFIED,ASK: EMAIL; ASK: TRN,Location inherited from contract master (SL 55)
11257,AL MARJAN SALOON,,,,,,Sharjah,Sharjah,Industrial Area 6,IND AREA - 6,60714,,,,,,25.311094,55.413447,"https://www.google.com/maps?q=25.311094,55.413447",AREA_CENTROID,AREA_APPROX,ASK: EMAIL; ASK: PHONE/MOBILE; ASK: TRN,District-level coordinates only — capture exact pin on first visit
11258,KOSOVO GROCERY,,,,1112/26,57,Sharjah,Sharjah,Industrial Area 6,IND AREA - 6,21950,,0567666137,,,,25.322559,55.416796,"https://www.google.com/maps?q=25.322559,55.416796",CONTRACT_MASTER,VERIFIED,ASK: EMAIL; ASK: TRN,Location inherited from contract master (SL 57)
11259,BON AL SAMRA COFFEE,,,,,,Sharjah,Sharjah,Al Khan,AL KHAN,440079,,0504094335,,,,25.314391,55.375385,"https://www.google.com/maps?q=25.314391,55.375385",AREA_CENTROID,AREA_APPROX,ASK: EMAIL; ASK: TRN,District-level coordinates only — capture exact pin on first visit
11261,BLOSSOM EDUCATION INVESTMENT LLC - SHJ. BR,,,,1105/25,52,Sharjah,Sharjah,Al Khan,"MARYAM ISLAD, AL KHAN",37885,mohamad.elhares@babilou.com,0566290699,0505195953,100008994400003,,25.322745,55.360563,"https://www.google.com/maps?q=25.322745,55.360563",CONTRACT_MASTER,UNVERIFIED,,Location inherited from contract master (SL 52)
11262,AL BUSTAN AL AKHDHAR HAIRDRESSING SALOON,,,,,,Sharjah,Sharjah,Al Sajaa,AL SAJAA INDUS AREA,54335,,0502428398,,,,25.311217,55.641176,"https://www.google.com/maps?q=25.311217,55.641176",AREA_CENTROID,AREA_APPROX,ASK: EMAIL; ASK: TRN,District-level coordinates only — capture exact pin on first visit
11263,ALED & RAMLAH REST - BR 1,,,,,,,,,BU DING,80695,,0559900230,,,,,,,NONE,NO_LOCATION,ASK: EMAIL; ASK: TRN; ASK: EMIRATE/PLACE_OF_SUPPLY; ASK: LOCATION_PIN,
11264,Trueman Technical Services Contracting LLC,,,SUBURBAN003,,,,,,,,,,,,,,,,NONE,NO_LOCATION,ASK: EMAIL; ASK: PHONE/MOBILE; ASK: ADDRESS; ASK: TRN; ASK: EMIRATE/PLACE_OF_SUPPLY; ASK: LOCATION_PIN,
11265,Mohd.Jaber Abdullah Al Harbi,,,SUBURBAN004,,,,,,,,,,,,,,,,NONE,NO_LOCATION,ASK: EMAIL; ASK: PHONE/MOBILE; ASK: ADDRESS; ASK: TRN; ASK: EMIRATE/PLACE_OF_SUPPLY; ASK: LOCATION_PIN,
11266,MONT CARLO  HAIRDRESSING SALON,,,,1127/26,71,Sharjah,Sharjah,Abu Shagara,Abushagara,24060,,0529195919,,,,25.335203,55.392095,"https://www.google.com/maps?q=25.335203,55.392095",CONTRACT_MASTER,VERIFIED,ASK: EMAIL; ASK: TRN,Location inherited from contract master (SL 71)
11267,GULF ICE FACTORY & COLD STORAGE,,GULF ICE FACTORY GROUP,,"1154/26, 1165/26, 1168/26","96, 107, 110",Sharjah,Sharjah,Industrial Area 11,"Street 11, INDUSTRIAL AREA 11",,,,,,,25.296384,55.427046,"https://www.google.com/maps?q=25.296384,55.427046",CONTRACT_MASTER,UNVERIFIED,ASK: EMAIL; ASK: PHONE/MOBILE; ASK: TRN,"Location inherited from contract master (SL 96, 107, 110)"
11268,AL KABAB AL BUKHARI REST,,,,,,Sharjah,Sharjah,Industrial Area 6,INDUSTRIAL AREA 6,,,+971506366558,,,,25.311094,55.413447,"https://www.google.com/maps?q=25.311094,55.413447",AREA_CENTROID,AREA_APPROX,ASK: EMAIL; ASK: TRN,District-level coordinates only — capture exact pin on first visit
11269,MR. FAISAL VILLA NO : 20 & 22,,,,,,,,,SHARGAN,,,0557032443,,,,,,,NONE,NO_LOCATION,ASK: EMAIL; ASK: TRN; ASK: EMIRATE/PLACE_OF_SUPPLY; ASK: LOCATION_PIN,
11271,MUTLAQ AL MUTLAQ REAL STATE,,,,,,Sharjah,Sharjah,,Al Taween Road Opposite of sharjah expo centre Al Qemah Tower 1,,,0544400973,,,,25.3463,55.4209,"https://www.google.com/maps?q=25.346300,55.420900",AREA_CENTROID,AREA_APPROX,ASK: EMAIL; ASK: TRN,Emirate-level coordinates only — capture exact pin on first visit
11272,THE YELLOW FORT CAFETERIA L.L.C S.P,,,,,,Sharjah,Sharjah,Muwaileh,MUWAILAH,,,0502809471,,,,25.295924,55.486309,"https://www.google.com/maps?q=25.295924,55.486309",AREA_CENTROID,AREA_APPROX,ASK: EMAIL; ASK: TRN,District-level coordinates only — capture exact pin on first visit
11273,Ardh Al Mustaqbal Real Estate,Mustaqbal Real Estate,,0145,,,Sharjah,Sharjah,Al Jazzat,"Industrial Area 13,Jazzat Villa",,,,,,,25.363352,55.427047,"https://www.google.com/maps?q=25.363352,55.427047",AREA_CENTROID,AREA_APPROX,ASK: EMAIL; ASK: PHONE/MOBILE; ASK: TRN,District-level coordinates only — capture exact pin on first visit
11274,LONDON BRITISH NURSERY,,,,1134/26,78,Sharjah,Sharjah,Al Ghubaiba,AL GHUBAIBA,,,065660228,,,,25.351366,55.410881,"https://www.google.com/maps?q=25.351366,55.410881",CONTRACT_MASTER,VERIFIED,ASK: EMAIL; ASK: TRN,Location inherited from contract master (SL 78)
11275,Rukn Al Shwaihean Supermarket LLC,,,,1202/26,146,Sharjah,Sharjah,Al Rolla,ROLLA,,,05226700950555110102,,,,25.360172,55.386605,"https://www.google.com/maps?q=25.360172,55.386605",CONTRACT_MASTER,VERIFIED,ASK: EMAIL; ASK: TRN,Location inherited from contract master (SL 146)
11276,DAISO Japan,,,,,,,,,"Al Wahda Streetr, City Center",,,065242199,,,,,,,NONE,NO_LOCATION,ASK: EMAIL; ASK: TRN; ASK: EMIRATE/PLACE_OF_SUPPLY; ASK: LOCATION_PIN,
11277,BAUSCH HEALTH TRADING DWC LLC,,,,,,,,,"Rolex Tower ,14th Floor",9767,Luz.fortugaliza@bausch.com,,,100260009400003,,,,,NONE,NO_LOCATION,ASK: PHONE/MOBILE; ASK: EMIRATE/PLACE_OF_SUPPLY; ASK: LOCATION_PIN,
11278,Global Parts Fzc,,,,,,Sharjah,Sharjah,Industrial Area 13,"Near Al Shoula School, Industrial Area 13",1234,,0553381734,,10035039000003,,25.311094,55.413447,"https://www.google.com/maps?q=25.311094,55.413447",AREA_CENTROID,AREA_APPROX,ASK: EMAIL,District-level coordinates only — capture exact pin on first visit
11279,AL NAJM ALRAIE CAFETERIA,,,0151,,,Sharjah,Sharjah,Hoshi,AL HOSHI,,,,,,,25.3463,55.4209,"https://www.google.com/maps?q=25.346300,55.420900",AREA_CENTROID,AREA_APPROX,ASK: EMAIL; ASK: PHONE/MOBILE; ASK: TRN,District-level coordinates only — capture exact pin on first visit
11281,AL MANARA AL JAMELA GROCERY,,,0153,1167/26,109,Sharjah,Sharjah,Al Yarmook,AL YARMOOK,413,,0555431531,,,,25.350508,55.404911,"https://www.google.com/maps?q=25.350508,55.404911",CONTRACT_MASTER,AREA_APPROX,ASK: EMAIL; ASK: TRN,Location inherited from contract master (SL 109)
11282,BRIDGE WAY FIRM FZ - LLC,,,0154,,,Dubai,Dubai,,"BUILDING 40 OFFICES- 3 , DUBAI HEALTH CARE CITY",66566,,,+9715019073692,,,25.2048,55.2708,"https://www.google.com/maps?q=25.204800,55.270800",AREA_CENTROID,AREA_APPROX,ASK: EMAIL; ASK: TRN,Emirate-level coordinates only — capture exact pin on first visit
11283,LINOX CREATIVE ADVERTISTING LLC,,,0155,,,Sharjah,Sharjah,Industrial Area 12,Industrial area 12,27038,solutions@linox.ae,065442264,,,,25.311094,55.413447,"https://www.google.com/maps?q=25.311094,55.413447",AREA_CENTROID,AREA_APPROX,ASK: TRN,District-level coordinates only — capture exact pin on first visit
11284,SIZAR JEWELLERS FACTORY LLC,,,0156,,,Sharjah,Sharjah,Industrial Area 15,Industrial area 15,,farook@jawahiroman.com,0526922249,,100594326900003,,25.311094,55.413447,"https://www.google.com/maps?q=25.311094,55.413447",AREA_CENTROID,AREA_APPROX,,District-level coordinates only — capture exact pin on first visit
11285,Aries Marine and Engineering Services,,,0157,,,Sharjah,Sharjah,Al Soor,"TOWER 400 Building, 20th Floor, Al Mina Road, Al Soor area",24496,ariesmar@emirates.net.ae,+971504530255,,,,25.3639,55.3922,"https://www.google.com/maps?q=25.363900,55.392200",AREA_CENTROID,AREA_APPROX,ASK: TRN,District-level coordinates only — capture exact pin on first visit
11286,WAHAT MALIHA PHARMACY BRANCH 1,,,,,,Sharjah,Sharjah,Al Dhaid,"Al Madam to Al Dhaid Road, Madam",14758,,0588388209,,,,25.27092,55.876824,"https://www.google.com/maps?q=25.270920,55.876824",AREA_CENTROID,AREA_APPROX,ASK: EMAIL; ASK: TRN,District-level coordinates only — capture exact pin on first visit
11287,AL HAMAD BUILDING CONTRACTING CO. LLC,Suburban customer,SUBURBAN CUSTOMER,SUBURBANCUS,,,,,,,,,,,,,,,,NONE,NO_LOCATION,ASK: EMAIL; ASK: PHONE/MOBILE; ASK: ADDRESS; ASK: TRN; ASK: EMIRATE/PLACE_OF_SUPPLY; ASK: LOCATION_PIN,
11288,HAPPY FUN LLC LABOUR CAMP,,,,,,Ajman,Ajman,,"INDUST AREA , JURF",,,042899844,0556855402,,,25.4052,55.5136,"https://www.google.com/maps?q=25.405200,55.513600",AREA_CENTROID,AREA_APPROX,ASK: EMAIL; ASK: TRN,Emirate-level coordinates only — capture exact pin on first visit
11289,RUKN ALRAMLAH GENTS SALON,,,,1147/26,90,Sharjah,Sharjah,Industrial Area 11,INDUSTRIAL AREA - 11,34970,,0582397810,,,,25.311094,55.413447,"https://www.google.com/maps?q=25.311094,55.413447",CONTRACT_MASTER,AREA_APPROX,ASK: EMAIL; ASK: TRN,Location inherited from contract master (SL 90)
11291,AL AMIN ALUMINIUM,,,,,,,,,"E11, AL RAMS",,purchase3@facadesolutionsuae.com,+971581550788,,,,,,,NONE,NO_LOCATION,ASK: TRN; ASK: EMIRATE/PLACE_OF_SUPPLY; ASK: LOCATION_PIN,
11292,SEYOH MOSQUE KHADEEJA TAYYEB ABDAL GAFOOR,,,,,,,,,SEYOH,,,0558313570,,,,,,,NONE,NO_LOCATION,ASK: EMAIL; ASK: TRN; ASK: EMIRATE/PLACE_OF_SUPPLY; ASK: LOCATION_PIN,
11293,EASY LIFE SUPERMARKET LLC SP,,,0164,1195/26,139,Sharjah,Sharjah,Al Gharb,AL QHURAIR,,,0509591419,,,,25.359063,55.387988,"https://www.google.com/maps?q=25.359063,55.387988",CONTRACT_MASTER,VERIFIED,ASK: EMAIL; ASK: TRN,Location inherited from contract master (SL 139)
11294,Villa No 42,,,0165,,,,,,"Street 11, Meadows 2",,,0551450965,,,,,,,NONE,NO_LOCATION,ASK: EMAIL; ASK: TRN; ASK: EMIRATE/PLACE_OF_SUPPLY; ASK: LOCATION_PIN,
11295,Aryaas Gourmet Veg Restaurant L.L.C,,ARYAAS GROUP,0166,,,Dubai,Dubai,,"The Business Center, Opposite Burjuman Center, Bank Street,Mankhool, Dubai, Bur Dubai",,,065639340,,100225789500003,,25.2048,55.2708,"https://www.google.com/maps?q=25.204800,55.270800",AREA_CENTROID,AREA_APPROX,ASK: EMAIL,Emirate-level coordinates only — capture exact pin on first visit
11296,SAMAR TOWER & JAHRATH AL NAHDA BUILDING,,,0167,,,Sharjah,Sharjah,Al Majaz,AL MAJAZ - 3,,,0526272912,,,,25.330126,55.374338,"https://www.google.com/maps?q=25.330126,55.374338",AREA_CENTROID,AREA_APPROX,ASK: EMAIL; ASK: TRN,District-level coordinates only — capture exact pin on first visit
11297,MOHD.SHAH ALAM SWEETS.NUTS TR LLC,,,0168,,,Sharjah,Sharjah,Al Rolla,"NEAR ALGUWAIR MARKET, ROLLA",71881,,0503069756,,,,25.35707,55.391061,"https://www.google.com/maps?q=25.357070,55.391061",AREA_CENTROID,AREA_APPROX,ASK: EMAIL; ASK: TRN,District-level coordinates only — capture exact pin on first visit
11298,AL HELAL REALESTATE,,,0169,,,,,,"NEAR NESTO HYPERMARKET , BUTEENA",66575,,0504567190,,,,,,,NONE,NO_LOCATION,ASK: EMAIL; ASK: TRN; ASK: EMIRATE/PLACE_OF_SUPPLY; ASK: LOCATION_PIN,
11299,Jamal Al Mas Ladies Beauty Center,,,,,,Sharjah,Sharjah,Abu Shagara,Abushagara,130536,,065550129,0502718954,0169,,25.336248,55.395397,"https://www.google.com/maps?q=25.336248,55.395397",AREA_CENTROID,AREA_APPROX,ASK: EMAIL,District-level coordinates only — capture exact pin on first visit
11311,Al AMAAL ENGLISH HIGH SCHOOL,,,0170,1218/26,161,Sharjah,Sharjah,Al Sharq,Buteena,4462,,065656818,,100354671800003,,25.373797,55.401119,"https://www.google.com/maps?q=25.373797,55.401119",CONTRACT_MASTER,VERIFIED,ASK: EMAIL,Location inherited from contract master (SL 161)
11312,Gulf Rock Engineering LLC,,,0171,,,Sharjah,Sharjah,Al Sajaa,Sajaa,6427,rajesh.selvam@gulfrock.com,0547424352,,,,25.311217,55.641176,"https://www.google.com/maps?q=25.311217,55.641176",AREA_CENTROID,AREA_APPROX,ASK: TRN,District-level coordinates only — capture exact pin on first visit
11313,AL KHAFAYEF AL HARAH RESTURANT,,,0172,,,Sharjah,Sharjah,Al Sajaa,"Industrial area, Sajaa",0000,,0562611646,,,,25.311217,55.641176,"https://www.google.com/maps?q=25.311217,55.641176",AREA_CENTROID,AREA_APPROX,ASK: EMAIL; ASK: TRN,District-level coordinates only — capture exact pin on first visit
11314,MADINAT LIWA SUPER MARKET,,,0173,,,,,,AL QASMIA,96933,,065484455,,,,,,,NONE,NO_LOCATION,ASK: EMAIL; ASK: TRN; ASK: EMIRATE/PLACE_OF_SUPPLY; ASK: LOCATION_PIN,
11315,AUSTIN FITNESS,,,0174,,,,,,"BEHIND MEGA MALL, BU DING",77189,,0507371873,,,,,,,NONE,NO_LOCATION,ASK: EMAIL; ASK: TRN; ASK: EMIRATE/PLACE_OF_SUPPLY; ASK: LOCATION_PIN,
11316,AL MARKAZ PHARMACY LLC,,,0175,,,Dubai,Dubai,,AL SATWA,334-2257,,0551723922,,,,25.2048,55.2708,"https://www.google.com/maps?q=25.204800,55.270800",AREA_CENTROID,AREA_APPROX,ASK: EMAIL; ASK: TRN,Emirate-level coordinates only — capture exact pin on first visit
11317,SALSA RESTURANT LLC-SHJ BR,,,0176,,,,,,Al Zahia City Center,,,0503365406,,,,,,,NONE,NO_LOCATION,ASK: EMAIL; ASK: TRN; ASK: EMIRATE/PLACE_OF_SUPPLY; ASK: LOCATION_PIN,
11318,MOHAMMAD RUBEL GROCERY,,,0177,,,Sharjah,Sharjah,Industrial Area,Industrial Area,,,0581841510,,,,25.3169,55.4187,"https://www.google.com/maps?q=25.316900,55.418700",AREA_CENTROID,AREA_APPROX,ASK: EMAIL; ASK: TRN,District-level coordinates only — capture exact pin on first visit
11319,AL SHAMS AL SATHAA LAUNDRY,,,0178,,,Sharjah,Sharjah,Abu Shagara,Abushagara,,,0559955108,,,,25.336248,55.395397,"https://www.google.com/maps?q=25.336248,55.395397",AREA_CENTROID,AREA_APPROX,ASK: EMAIL; ASK: TRN,District-level coordinates only — capture exact pin on first visit
11321,Brilliant International Private School,,,0179,1129/26,73,Sharjah,Sharjah,Muwaileh,"Near National Paints, Muwailah",,,065442420,,100072077900003,,25.298644,55.451705,"https://www.google.com/maps?q=25.298644,55.451705",CONTRACT_MASTER,VERIFIED,ASK: EMAIL,Location inherited from contract master (SL 73)
11322,Aryaas Gourmet Veg Restaurant LLC- Shj.Br-Br,,ARYAAS GROUP,0180,,,Sharjah,Sharjah,Al Rolla,"Opposite Al Mina Tower , Rolla",29157,,0569941942,,,,25.35707,55.391061,"https://www.google.com/maps?q=25.357070,55.391061",AREA_CENTROID,AREA_APPROX,ASK: EMAIL; ASK: TRN,District-level coordinates only — capture exact pin on first visit
11323,Aryaas Gourmet Veg Restaurant LLC- Shj.Br-Br 1,,ARYAAS GROUP,0181,,,Sharjah,Sharjah,Muwaileh,Commercial Muweilah,29157,,0503445185,,100225789500003,,25.295924,55.486309,"https://www.google.com/maps?q=25.295924,55.486309",AREA_CENTROID,AREA_APPROX,ASK: EMAIL,District-level coordinates only — capture exact pin on first visit
11324,Aryaas Gourmet Veg Restaurant LLC,,ARYAAS GROUP,0182,"10024/25, 1068/25","1, 29",Dubai,Dubai,Muweilah Commercial,"Beside Karama Park Street 20 B, Al Karama",29157,,0569941928,,100225789500003,,25.292737,55.442218,"https://www.google.com/maps?q=25.292737,55.442218",CONTRACT_MASTER,VERIFIED,ASK: EMAIL,"Location inherited from contract master (SL 1, 29)"
11325,Aryaas Gourmet Alqusais Veg Rest LLC,,ARYAAS GROUP,0183,,,Dubai,Dubai,Al Nahda,"Food Court,Beside Lulu Hypermarket, Al Nahda Road, Qusais",29157,,056994142,,100225789500003,,25.273208,55.369476,"https://www.google.com/maps?q=25.273208,55.369476",AREA_CENTROID,AREA_APPROX,ASK: EMAIL,District-level coordinates only — capture exact pin on first visit
11326,AL AFIA RESTAURANT,,,0184,,,Sharjah,Sharjah,Al Mahatah,AL MAHATTA,,,0504961234,,,,25.3463,55.4209,"https://www.google.com/maps?q=25.346300,55.420900",AREA_CENTROID,AREA_APPROX,ASK: EMAIL; ASK: TRN,District-level coordinates only — capture exact pin on first visit
11327,AL ATLAL ROASTRY,,AL ATLAL ROASTRY GROUP,0185,"1053/25, 1126/26, 1208/26","17, 152, 70",Sharjah,Sharjah,Wasit,Wasit Road,22922,,065531173,0502916629,,,25.317843,55.372295,"https://www.google.com/maps?q=25.317843,55.372295",CONTRACT_MASTER,VERIFIED,ASK: EMAIL; ASK: TRN,"Location inherited from contract master (SL 17, 152, 70)"
11328,Wall Street Exchange Centre LLC,,,,,,Sharjah,Sharjah,Industrial Area 11,"Shop No. 13, National Paints Bldg , Industrial Area 11",3014,admin@wallstreet.ae,,,,,25.311094,55.413447,"https://www.google.com/maps?q=25.311094,55.413447",AREA_CENTROID,AREA_APPROX,ASK: PHONE/MOBILE; ASK: TRN,District-level coordinates only — capture exact pin on first visit
11329,AL MAKHMAL FOOD STUFF TR,,,0187,,,,,,Buteena,759,,0557320667,,,,,,,NONE,NO_LOCATION,ASK: EMAIL; ASK: TRN; ASK: EMIRATE/PLACE_OF_SUPPLY; ASK: LOCATION_PIN,
11331,TAJ AL NEJOUM GENTS SALON-BRANCH 2,,,0188,,,Sharjah,Sharjah,Muwaileh,MUWAILAH,,,0521102388,,,,25.295924,55.486309,"https://www.google.com/maps?q=25.295924,55.486309",AREA_CENTROID,AREA_APPROX,ASK: EMAIL; ASK: TRN,District-level coordinates only — capture exact pin on first visit
11332,OLD CAFÉ SHJ BR,,,0189,1159/26,101,Sharjah,Sharjah,Muwaileh,MUWAILAH,7417,,0563517799,,,,25.309202,55.45928,"https://www.google.com/maps?q=25.309202,55.459280",CONTRACT_MASTER,VERIFIED,ASK: EMAIL; ASK: TRN,Location inherited from contract master (SL 101)
11333,NEW GENERATION  FOOD SUPPLEMENTS TRADING LLC (SHJ BR 1),,,0190,,,,,,"MATAJER MALL,,  JURAINA",,,065458415,,,,,,,NONE,NO_LOCATION,ASK: EMAIL; ASK: TRN; ASK: EMIRATE/PLACE_OF_SUPPLY; ASK: LOCATION_PIN,
11334,AL WEDHYAN GROCERY,,,,,,,,,BUTEENA,73125,,065643664,,0191,,,,,NONE,NO_LOCATION,ASK: EMAIL; ASK: EMIRATE/PLACE_OF_SUPPLY; ASK: LOCATION_PIN,
11335,A D N H CATERING - L.L.C - O.P.C,,,0192,,,Sharjah,Sharjah,Al Khan,Al khan,1897,suzette.gonzales@adnhcompassme.com,+971565069631,,100271025700003,,25.314391,55.375385,"https://www.google.com/maps?q=25.314391,55.375385",AREA_CENTROID,AREA_APPROX,,District-level coordinates only — capture exact pin on first visit
11336,Shaikha Hamdan Rashid Binkhadim,,,0193,,,,,,Dasman,4240,,0506791111,,100306456300003,,,,,NONE,NO_LOCATION,ASK: EMAIL; ASK: EMIRATE/PLACE_OF_SUPPLY; ASK: LOCATION_PIN,
11337,SHARJAH FALCON CAFETERIA,,,0194,,,Sharjah,Sharjah,Al Majaz,Al Majaz,,,0567561296,,100398400000003,,25.330126,55.374338,"https://www.google.com/maps?q=25.330126,55.374338",AREA_CENTROID,AREA_APPROX,ASK: EMAIL,District-level coordinates only — capture exact pin on first visit
11338,SMOKED MEAT WORLD.LLC SOLE PROPRIETORSHIP,,,0195,,,,,,ZAWAYA WALK,68501,,0527057906,,10411510750003,,,,,NONE,NO_LOCATION,ASK: EMAIL; ASK: EMIRATE/PLACE_OF_SUPPLY; ASK: LOCATION_PIN,
11339,SMOKED MEAT HOUSE REST.LLC,,,0196,,,,,,BUHAIRA CORNICH,68501,,0567561296,,100558788400003,,,,,NONE,NO_LOCATION,ASK: EMAIL; ASK: EMIRATE/PLACE_OF_SUPPLY; ASK: LOCATION_PIN,
11341,MASTER CHEF REST.LLC SOLE PROPRIETORSHIP,,,0197,,,Sharjah,Sharjah,Al Khan,Al Khan Street,68501,,0567561296,,,,25.314391,55.375385,"https://www.google.com/maps?q=25.314391,55.375385",AREA_CENTROID,AREA_APPROX,ASK: EMAIL; ASK: TRN,District-level coordinates only — capture exact pin on first visit
11342,Al Taneen Al Aswad Karate,,AL TANEEN KARATE GROUP,"0198,",1172/26,114,Sharjah,Sharjah,Al Nahda,Al Nahda,38779,,+971558996989,,,,25.301355,55.37487,"https://www.google.com/maps?q=25.301355,55.374870",CONTRACT_MASTER,AREA_APPROX,ASK: EMAIL; ASK: TRN,Location inherited from contract master (SL 114)
11343,SAHARA FITNESS,,,0199,,,Sharjah,Sharjah,Abu Shagara,Abushagara,67845,,+971509665756,,,,25.336248,55.395397,"https://www.google.com/maps?q=25.336248,55.395397",AREA_CENTROID,AREA_APPROX,ASK: EMAIL; ASK: TRN,District-level coordinates only — capture exact pin on first visit
11344,M - 1 SHIPPING,,,0200,,,Sharjah,Sharjah,Industrial Area 2,Industrial Area 2,,Fatima.Amira@m1shipping.com,+971564386561,,,,25.311094,55.413447,"https://www.google.com/maps?q=25.311094,55.413447",AREA_CENTROID,AREA_APPROX,ASK: TRN,District-level coordinates only — capture exact pin on first visit
11345,FRESH COOKIES CORNER,,,0202,,,Sharjah,Sharjah,Muwaileh,MUWAILAH,1150,,058296914,,,,25.295924,55.486309,"https://www.google.com/maps?q=25.295924,55.486309",AREA_CENTROID,AREA_APPROX,ASK: EMAIL; ASK: TRN,District-level coordinates only — capture exact pin on first visit
11346,KHAMIS HASSAN KHAMIS HASSAN ALSHAMSI,,,202,,,,,,"Villa No: 131, Al Rahmanyia",998,,+971506321561,,100549156600003,,,,,NONE,NO_LOCATION,ASK: EMAIL; ASK: EMIRATE/PLACE_OF_SUPPLY; ASK: LOCATION_PIN,
11347,AL NOUF REAL ESTATE LLC SP,,,0203,,,Sharjah,Sharjah,Al Yarmook,"Shop No 10,Al Qasimiya Street,, Al Yarmouk",46533,,0559881900,,105037489900003,,25.350508,55.404911,"https://www.google.com/maps?q=25.350508,55.404911",AREA_CENTROID,AREA_APPROX,ASK: EMAIL,District-level coordinates only — capture exact pin on first visit
11348,IRSHAD SUPERMARKET,,,0204,,,Sharjah,Sharjah,Industrial Area 6,Industrial area - 6,,,+971522126566,,,,25.311094,55.413447,"https://www.google.com/maps?q=25.311094,55.413447",AREA_CENTROID,AREA_APPROX,ASK: EMAIL; ASK: TRN,District-level coordinates only — capture exact pin on first visit
11349,SILEVR WING CORNER LADIES SALOON,,,0205,,,,,,Bu Ding,,,,,,,,,,NONE,NO_LOCATION,ASK: EMAIL; ASK: PHONE/MOBILE; ASK: TRN; ASK: EMIRATE/PLACE_OF_SUPPLY; ASK: LOCATION_PIN,
11351,"AL FARAJ BUILDING , DUBAI- UAE",,,0206,1103/25,50,Dubai,Dubai,Al Nahda 2,,,,,,,,25.28971,55.377969,"https://www.google.com/maps?q=25.289710,55.377969",CONTRACT_MASTER,VERIFIED,ASK: EMAIL; ASK: PHONE/MOBILE; ASK: ADDRESS; ASK: TRN,Location inherited from contract master (SL 50)
11352,BUN & BURR CAFE,,BUN & BURR GROUP,"0207,",1064/25,26,Sharjah,Sharjah,Al Dhaid,safari park,,,,+971505818609,,,25.27092,55.876824,"https://www.google.com/maps?q=25.270920,55.876824",CONTRACT_MASTER,AREA_APPROX,ASK: EMAIL; ASK: TRN,Location inherited from contract master (SL 26)
11353,HAMARIYA FREE ZONE MUNCIPALITY ACCOMMODATION,,,0208,,,,,,HAMARIYA,,,+971501468508,,,,,,,NONE,NO_LOCATION,ASK: EMAIL; ASK: TRN; ASK: EMIRATE/PLACE_OF_SUPPLY; ASK: LOCATION_PIN,
11354,AL QAED INTERNATIONAL GENERAL TRADING LLC ACCOMMODATION,,,0210,,,Sharjah,Sharjah,Al Sajaa,Sajaa,,,+971505516632,,,,25.311217,55.641176,"https://www.google.com/maps?q=25.311217,55.641176",AREA_CENTROID,AREA_APPROX,ASK: EMAIL; ASK: TRN,District-level coordinates only — capture exact pin on first visit
11355,MAZAYA REAL ESTATE,,,02010,,,Sharjah,Sharjah,Al Yarmook,Al Yarmook,,,+971501312720,,,,25.350508,55.404911,"https://www.google.com/maps?q=25.350508,55.404911",AREA_CENTROID,AREA_APPROX,ASK: EMAIL; ASK: TRN,District-level coordinates only — capture exact pin on first visit
11356,CASEARS RESTTAURANT CONFECTIONERY,,,02011,,,,,,ZAHIA CITY CENTER,,,,,,,,,,NONE,NO_LOCATION,ASK: EMAIL; ASK: PHONE/MOBILE; ASK: TRN; ASK: EMIRATE/PLACE_OF_SUPPLY; ASK: LOCATION_PIN,
11357,PAN GULF FURNITURE,,,02012,,,Sharjah,Sharjah,Industrial Area 6,Industrial area - 6,,,+971563295580,,,,25.311094,55.413447,"https://www.google.com/maps?q=25.311094,55.413447",AREA_CENTROID,AREA_APPROX,ASK: EMAIL; ASK: TRN,District-level coordinates only — capture exact pin on first visit
11358,BURJ BABIL FOOD STOFF TR LLC,,,02013,,,,,,National paint area,33886,,065349084,0552021080,100242802500003,,,,,NONE,NO_LOCATION,ASK: EMAIL; ASK: EMIRATE/PLACE_OF_SUPPLY; ASK: LOCATION_PIN,
11359,BIRYANI BHAVAN REST,,,02014,,,Sharjah,Sharjah,Abu Shagara,Abushagara,,,,,,,25.336248,55.395397,"https://www.google.com/maps?q=25.336248,55.395397",AREA_CENTROID,AREA_APPROX,ASK: EMAIL; ASK: PHONE/MOBILE; ASK: TRN,District-level coordinates only — capture exact pin on first visit
11361,SHIFA RASHID MUHAMMAD RASHID KHALIQ,,,0215,,,Sharjah,Sharjah,Hoshi,"Maleeha Road, Hoshi",1150,,0543460896,+971569069914,105033285500003,,25.3463,55.4209,"https://www.google.com/maps?q=25.346300,55.420900",AREA_CENTROID,AREA_APPROX,ASK: EMAIL,District-level coordinates only — capture exact pin on first visit
11362,LORIS RESTAURANT LLC - SOLE PROPRIETORSHIP,,,0216,,,Sharjah,Sharjah,Al Nahda,NAHDAH,47848,,0551056461,,,,25.301355,55.37487,"https://www.google.com/maps?q=25.301355,55.374870",AREA_CENTROID,AREA_APPROX,ASK: EMAIL; ASK: TRN,District-level coordinates only — capture exact pin on first visit
11363,GOLDEN SILK RESTAURANT,,,0217,,,,,,AL HAMARIYA,,,0564793453,,,,,,,NONE,NO_LOCATION,ASK: EMAIL; ASK: TRN; ASK: EMIRATE/PLACE_OF_SUPPLY; ASK: LOCATION_PIN,
11364,CHINA JIANGUS INTERNATIONAL CONSTRUCTION CO (LLC),,,0218,,,Sharjah,Sharjah,Al Sajaa,Sajaa,118825,,+971505530098,,,,25.311217,55.641176,"https://www.google.com/maps?q=25.311217,55.641176",AREA_CENTROID,AREA_APPROX,ASK: EMAIL; ASK: TRN,District-level coordinates only — capture exact pin on first visit
11365,GLOBAL STAR ENGINEERING,,,0219,,,Sharjah,Sharjah,Industrial Area 2,Industrial area - 2,,,065278744,,,,25.311094,55.413447,"https://www.google.com/maps?q=25.311094,55.413447",AREA_CENTROID,AREA_APPROX,ASK: EMAIL; ASK: TRN,District-level coordinates only — capture exact pin on first visit
11366,MOHAMMED SHAH ALAM TR L.L.C,,,0220,,,,,,AL GHUAIR,71881,,0503069756,,,,,,,NONE,NO_LOCATION,ASK: EMAIL; ASK: TRN; ASK: EMIRATE/PLACE_OF_SUPPLY; ASK: LOCATION_PIN,
11367,A S G Management Services LLC,,,0221,,,,,,"Al Dar, Muraqqabat",25250,,+971567863226,,100045237300003,,,,,NONE,NO_LOCATION,ASK: EMAIL; ASK: EMIRATE/PLACE_OF_SUPPLY; ASK: LOCATION_PIN,
11368,AJ Industries LLC,aj ajman,,,,,Ajman,Ajman,Industrial Area 3,"Industrial Area 3, Al Jurf",905,,,,100561299700003,,25.375639,55.471136,"https://www.google.com/maps?q=25.375639,55.471136",AREA_CENTROID,AREA_APPROX,ASK: EMAIL; ASK: PHONE/MOBILE,District-level coordinates only — capture exact pin on first visit
11369,BAB AL QASIMIA GROCERY,,,0222,,,Sharjah,Sharjah,Al Nahda,AL NAHDA,,,,,,,25.301355,55.37487,"https://www.google.com/maps?q=25.301355,55.374870",AREA_CENTROID,AREA_APPROX,ASK: EMAIL; ASK: PHONE/MOBILE; ASK: TRN,District-level coordinates only — capture exact pin on first visit
11371,CITY MEDICAL CENTER/ (S.P.S - L.L.C),,,0224,,,,,,"FLAT NO. 107, RUMALIA 1",2678,,+971506284787,,100339899500003,,,,,NONE,NO_LOCATION,ASK: EMAIL; ASK: EMIRATE/PLACE_OF_SUPPLY; ASK: LOCATION_PIN,
11372,FAYSAL HASSAN GROCERY,,,0225,,,Sharjah,Sharjah,Al Sajaa,Sajaa,,,,,,,25.311217,55.641176,"https://www.google.com/maps?q=25.311217,55.641176",AREA_CENTROID,AREA_APPROX,ASK: EMAIL; ASK: PHONE/MOBILE; ASK: TRN,District-level coordinates only — capture exact pin on first visit
11373,SABIN ENGINEERING FZC,,,0226,,,,,,Safe Zone,,,0556014687,,,,,,,NONE,NO_LOCATION,ASK: EMAIL; ASK: TRN; ASK: EMIRATE/PLACE_OF_SUPPLY; ASK: LOCATION_PIN,
11374,CASEARS RESTAURANT & CONFECTIONERY,,,0227,,,,,,Meena Road,5077,,,,,,,,,NONE,NO_LOCATION,ASK: EMAIL; ASK: PHONE/MOBILE; ASK: TRN; ASK: EMIRATE/PLACE_OF_SUPPLY; ASK: LOCATION_PIN,
11375,DAR AL MARJAN SWEETS,,,0228,1194/26,138,Sharjah,Sharjah,Al Gharb,AL GHUAIR,20090,,0509591419,,,,25.358866,55.387466,"https://www.google.com/maps?q=25.358866,55.387466",CONTRACT_MASTER,VERIFIED,ASK: EMAIL; ASK: TRN,Location inherited from contract master (SL 138)
11376,CHILIS CAFE,,,0229,,,,,,ZAHIA CITY CENTER,,,,,,,,,,NONE,NO_LOCATION,ASK: EMAIL; ASK: PHONE/MOBILE; ASK: TRN; ASK: EMIRATE/PLACE_OF_SUPPLY; ASK: LOCATION_PIN,
11377,AL SAHIL AL ARABI AUTO MAINT W.SHOP,,,0230,,,Sharjah,Sharjah,Industrial Area 17,Industrial area - 17,,workshopsa@cleancodubai.com,,,,,25.286894,55.448507,"https://www.google.com/maps?q=25.286894,55.448507",AREA_CENTROID,AREA_APPROX,ASK: PHONE/MOBILE; ASK: TRN,District-level coordinates only — capture exact pin on first visit
11378,AL AYMEM HAIRDRESSING SALOON,,,0231,1217/26,160,Sharjah,Sharjah,Industrial Area 11,SHARJAH,65291,,0507566713,,,,25.311094,55.413447,"https://www.google.com/maps?q=25.311094,55.413447",CONTRACT_MASTER,AREA_APPROX,ASK: EMAIL; ASK: TRN,Location inherited from contract master (SL 160)
11379,Al Samadi Sweets,,AL SAMADI SWEETS GROUP,",",,,Ajman,Ajman,,Al Rashidiya 3,,,,,,,25.4052,55.5136,"https://www.google.com/maps?q=25.405200,55.513600",AREA_CENTROID,AREA_APPROX,ASK: EMAIL; ASK: PHONE/MOBILE; ASK: TRN,Emirate-level coordinates only — capture exact pin on first visit
11381,Al Kubaisi Ice Factory,,,,,,,,,Al Ttay,,,,,,,,,,NONE,NO_LOCATION,ASK: EMAIL; ASK: PHONE/MOBILE; ASK: TRN; ASK: EMIRATE/PLACE_OF_SUPPLY; ASK: LOCATION_PIN,
11382,SAFARTAS SUPERMARKET LLC SOLE PROORIETORSHIP,,,0235,,,Sharjah,Sharjah,Al Khan,Al khan,,,0508927778,,,,25.314391,55.375385,"https://www.google.com/maps?q=25.314391,55.375385",AREA_CENTROID,AREA_APPROX,ASK: EMAIL; ASK: TRN,District-level coordinates only — capture exact pin on first visit
11383,AL MASHAEIR AL JAMILAH LADIES SALOON,,,0236,,,Sharjah,Sharjah,Abu Shagara,Abushagara,,,0508625361,,,,25.336248,55.395397,"https://www.google.com/maps?q=25.336248,55.395397",AREA_CENTROID,AREA_APPROX,ASK: EMAIL; ASK: TRN,District-level coordinates only — capture exact pin on first visit
11384,YUMMY TASTE TIME CAFETERIA LLC,,,0237,,,Sharjah,Sharjah,Al Nahda,AL NAHDA,,,0555670680,,,,25.301355,55.37487,"https://www.google.com/maps?q=25.301355,55.374870",AREA_CENTROID,AREA_APPROX,ASK: EMAIL; ASK: TRN,District-level coordinates only — capture exact pin on first visit
11385,FULL MOON RESTURANT LLC SOLE PROPRIETORSHIP,,,0238,,,Sharjah,Sharjah,Al Majaz,AL MAJAZ,6390,,054338002,,,,25.330126,55.374338,"https://www.google.com/maps?q=25.330126,55.374338",AREA_CENTROID,AREA_APPROX,ASK: EMAIL; ASK: TRN,District-level coordinates only — capture exact pin on first visit
11386,VILLA NO: 21- AL HAMRA - RAK,,,0240,,,,,,AL HAMRA,,,,,,,,,,NONE,NO_LOCATION,ASK: EMAIL; ASK: PHONE/MOBILE; ASK: TRN; ASK: EMIRATE/PLACE_OF_SUPPLY; ASK: LOCATION_PIN,
11387,Al Mumtaz Bldg Clean & Pest Control,co.,,,,,,,,Al Manakh,66575,info@almumtaz.ae,065654466,0501310414,100072077900003,,,,,NONE,NO_LOCATION,ASK: EMIRATE/PLACE_OF_SUPPLY; ASK: LOCATION_PIN,
11388,Luxe Marca Trading LLC,,,0242,,,Sharjah,Sharjah,Al Mamzar,"Sheikha Maryam Bint Ghanem Tower, AL TAWAN  St - Al Mamzar",,,,,104228512000003,,25.308588,55.367154,"https://www.google.com/maps?q=25.308588,55.367154",AREA_CENTROID,AREA_APPROX,ASK: EMAIL; ASK: PHONE/MOBILE,District-level coordinates only — capture exact pin on first visit
11389,YOUSOF AL ZUBAIR VILLA,,,0243,,,Sharjah,Sharjah,,Sharjah,,,0504445244,,,,25.3463,55.4209,"https://www.google.com/maps?q=25.346300,55.420900",AREA_CENTROID,AREA_APPROX,ASK: EMAIL; ASK: TRN,Emirate-level coordinates only — capture exact pin on first visit
11391,AL ISTANAH GAR. IRONING,,,0244,,,Sharjah,Sharjah,Industrial Area 11,Industrial area - 11,47470,,0555891473,,,,25.311094,55.413447,"https://www.google.com/maps?q=25.311094,55.413447",AREA_CENTROID,AREA_APPROX,ASK: EMAIL; ASK: TRN,District-level coordinates only — capture exact pin on first visit
11392,STAR VOLGA RESTAURANT,,,0245,,,,,,NEAR BURJUMAN METRO EXIT -2,,,,,,,,,,NONE,NO_LOCATION,ASK: EMAIL; ASK: PHONE/MOBILE; ASK: TRN; ASK: EMIRATE/PLACE_OF_SUPPLY; ASK: LOCATION_PIN,
11393,PIPPEN PARK NURSERY,,,0246,,,Sharjah,Sharjah,Al Ghubaiba,AL GHUBAIBA,,christine_raphael@hotmail.com,065795936,0507266100,,,25.345199,55.413298,"https://www.google.com/maps?q=25.345199,55.413298",AREA_CENTROID,AREA_APPROX,ASK: TRN,District-level coordinates only — capture exact pin on first visit
11394,DALLAS MEDICAL CENTER,,,AMPC0247,,,Sharjah,Sharjah,Wasit,Villa No 380 wasit st al falaj al riqa suburb shj,,,0527200180,0527200180,,,25.355297,55.459773,"https://www.google.com/maps?q=25.355297,55.459773",AREA_CENTROID,AREA_APPROX,ASK: EMAIL; ASK: TRN,District-level coordinates only — capture exact pin on first visit
11395,Xchem International LLC,,,0248,,,Ras Al Khaimah,Ras Al Khaimah,,"Industrial Plot A-03, RAK Investment Authority",32635,hassan.ali@hbfuller.com,+971558750165,,,,25.7895,55.9432,"https://www.google.com/maps?q=25.789500,55.943200",AREA_CENTROID,AREA_APPROX,ASK: TRN,Emirate-level coordinates only — capture exact pin on first visit
11396,AL AKAL AL MUMTAZ RESTURANT,,,0249,,,,,,KING FAISAL ST,,,,,,,,,,NONE,NO_LOCATION,ASK: EMAIL; ASK: PHONE/MOBILE; ASK: TRN; ASK: EMIRATE/PLACE_OF_SUPPLY; ASK: LOCATION_PIN,
11397,Sand  Hills Building Contg L.L.C,,,AMPC00248,,,,,,,,,,,104064719800003,,,,,NONE,NO_LOCATION,ASK: EMAIL; ASK: PHONE/MOBILE; ASK: ADDRESS; ASK: EMIRATE/PLACE_OF_SUPPLY; ASK: LOCATION_PIN,
11398,AL RAMZ REAL ESTATE L L C . DUBAI,,,0250,,,Dubai,Dubai,,DIP - 2,,,+971558085433,,,,25.2048,55.2708,"https://www.google.com/maps?q=25.204800,55.270800",AREA_CENTROID,AREA_APPROX,ASK: EMAIL; ASK: TRN,Emirate-level coordinates only — capture exact pin on first visit
11399,MAQAR AL AMAN REAL ESTATE - MUJARRA BLDG,,,0251,,,,,,Al Mujarra,,,+971544746864,,,,,,,NONE,NO_LOCATION,ASK: EMAIL; ASK: TRN; ASK: EMIRATE/PLACE_OF_SUPPLY; ASK: LOCATION_PIN,
11411,LAHDAHT JAMAL BEAUTY CENTRE,,,0252,,,,,,Al NAbaa,78768,,0528775891,,,,,,,NONE,NO_LOCATION,ASK: EMAIL; ASK: TRN; ASK: EMIRATE/PLACE_OF_SUPPLY; ASK: LOCATION_PIN,
11412,Replika Restuarant,,,,,,Dubai,Dubai,,"Windsor Manor Tower, Business Bay",,,,052696043,,,25.2048,55.2708,"https://www.google.com/maps?q=25.204800,55.270800",AREA_CENTROID,AREA_APPROX,ASK: EMAIL; ASK: TRN,Emirate-level coordinates only — capture exact pin on first visit
11413,Al Itqan American School,,,0254,,,Sharjah,Sharjah,Al Azra,Al Azra,31717,,065220010,+971555644654,100215810100003,,25.3435,55.4569,"https://www.google.com/maps?q=25.343500,55.456900",AREA_CENTROID,AREA_APPROX,ASK: EMAIL,District-level coordinates only — capture exact pin on first visit
11414,Fly Me Spa,,,0255,,,Sharjah,Sharjah,Muwaileh,Muweilah,,,065678886,0506324034,100543540700003,,25.295924,55.486309,"https://www.google.com/maps?q=25.295924,55.486309",AREA_CENTROID,AREA_APPROX,ASK: EMAIL,District-level coordinates only — capture exact pin on first visit
11415,Emax Al Wahda Sharjah,,,0256,,,Sharjah,Sharjah,Al Majaz,"Al Majaz 2, Al Wahda St",,,065551112,,,,25.330126,55.374338,"https://www.google.com/maps?q=25.330126,55.374338",AREA_CENTROID,AREA_APPROX,ASK: EMAIL; ASK: TRN,District-level coordinates only — capture exact pin on first visit
11416,ROOTS MEDICAL CENTRE L L C,,,0257,,,Sharjah,Sharjah,Al Nahda,Al Nahda,,,0505162716,,,,25.301355,55.37487,"https://www.google.com/maps?q=25.301355,55.374870",AREA_CENTROID,AREA_APPROX,ASK: EMAIL; ASK: TRN,District-level coordinates only — capture exact pin on first visit
11417,Pankoul Furniture,,,0258,,,Sharjah,Sharjah,Industrial Area 15,Industrial Area - 15,,,0506280533,,,,25.311094,55.413447,"https://www.google.com/maps?q=25.311094,55.413447",AREA_CENTROID,AREA_APPROX,ASK: EMAIL; ASK: TRN,District-level coordinates only — capture exact pin on first visit
11418,Sahab - 1 Building Ajman,,,0259,,,,,,"Back Side of Ramiz Mall, Al Nuaimya-1",,,,,,,,,,NONE,NO_LOCATION,ASK: EMAIL; ASK: PHONE/MOBILE; ASK: TRN; ASK: EMIRATE/PLACE_OF_SUPPLY; ASK: LOCATION_PIN,
11419,Amoudo Bakery & Sweets,,,,,,Sharjah,Sharjah,Muwaileh,"Industrial Area, Muwaileh Commercial",,,,0528256221,,High,25.295924,55.486309,"https://www.google.com/maps?q=25.295924,55.486309",AREA_CENTROID,AREA_APPROX,ASK: EMAIL; ASK: TRN,District-level coordinates only — capture exact pin on first visit
11421,Shamla Mandi Restuarant,,,,,,Dubai,Dubai,,"Al Maktoum Rd, Deira",,,,0505390440,,,25.2048,55.2708,"https://www.google.com/maps?q=25.204800,55.270800",AREA_CENTROID,AREA_APPROX,ASK: EMAIL; ASK: TRN,Emirate-level coordinates only — capture exact pin on first visit
11422,Mazrat Al Fawakeh Supermarket,,MAZRAT AL FAWAKEH GROUP,",",,,Sharjah,Sharjah,Al Majaz,"Al Wahda St, Al Majaz",,,,0567527169,,,25.330126,55.374338,"https://www.google.com/maps?q=25.330126,55.374338",AREA_CENTROID,AREA_APPROX,ASK: EMAIL; ASK: TRN,District-level coordinates only — capture exact pin on first visit
11423,LUZON DENTAL CLINIC,,,0264,1043/25,11,Sharjah,Sharjah,Al Khan,AL KHAN ST,38221,,065566388,,100025589100003,,25.32994,55.370056,"https://www.google.com/maps?q=25.329940,55.370056",CONTRACT_MASTER,VERIFIED,ASK: EMAIL,Location inherited from contract master (SL 11)
11424,Emirates Taste Catering Services Food LLC,,,0265,,,Dubai,Dubai,,Jebel Ali Industrial Area 3,,,025507320,,,,25.2048,55.2708,"https://www.google.com/maps?q=25.204800,55.270800",AREA_CENTROID,AREA_APPROX,ASK: EMAIL; ASK: TRN,Emirate-level coordinates only — capture exact pin on first visit
11425,Aiwa Plastic Products Industry LLC,,,0266,,,Sharjah,Sharjah,Industrial Area 2,Industrial area - 2,8243,info@aiwaplast.com,067433576,,,,25.311094,55.413447,"https://www.google.com/maps?q=25.311094,55.413447",AREA_CENTROID,AREA_APPROX,ASK: TRN,District-level coordinates only — capture exact pin on first visit
11426,REDTAPE,,REDTAPE GROUP,", ,",,,Sharjah,Sharjah,Industrial Area,"Industrial Area, Al Nahdha, Al Wahda St",,,,0555601249,,,25.3169,55.4187,"https://www.google.com/maps?q=25.316900,55.418700",AREA_CENTROID,AREA_APPROX,ASK: EMAIL; ASK: TRN,District-level coordinates only — capture exact pin on first visit
11427,NASAR NELLOY GEN RT LLC,,,0270,,,Sharjah,Sharjah,Industrial Area 12,Industrial area -12,67868,,0506265931,,,,25.311094,55.413447,"https://www.google.com/maps?q=25.311094,55.413447",AREA_CENTROID,AREA_APPROX,ASK: EMAIL; ASK: TRN,District-level coordinates only — capture exact pin on first visit
11428,Al mamoura real estate,,,", ,",,,Sharjah,Sharjah,Al Musalla,"Muhrez Bin Amer Street 15, Al Musalla",,tawfeqmohammed4@gmail.com,,0506542842,,,25.06212,56.352787,"https://www.google.com/maps?q=25.062120,56.352787",AREA_CENTROID,AREA_APPROX,ASK: TRN,District-level coordinates only — capture exact pin on first visit
11429,Ocean basket,,,",",,,Dubai,Dubai,,"tripoli st, Mirdif city centre, Mirdif",,,,0524769911,,,25.2048,55.2708,"https://www.google.com/maps?q=25.204800,55.270800",AREA_CENTROID,AREA_APPROX,ASK: EMAIL; ASK: TRN,Emirate-level coordinates only — capture exact pin on first visit
11431,ORYX LUBES & GREASES LTD FZ,,,,,,Sharjah,Sharjah,Al Hamriyah,"HAMRIYA FREEZONE FZ 1, HAMRIYA FREE ZONE",,,067488075,0557622983,100292848700003,,25.456513,55.513359,"https://www.google.com/maps?q=25.456513,55.513359",AREA_CENTROID,AREA_APPROX,ASK: EMAIL,District-level coordinates only — capture exact pin on first visit
11432,Unimoni Exchange LLC,,,0278,,,Dubai,Dubai,,"Shop 17&18, 19th st, Muhaisnah",P.O. Box: 87966,shabu@ae.wizz.fnancial,042965992,0529952833,100229964000003,,25.2048,55.2708,"https://www.google.com/maps?q=25.204800,55.270800",AREA_CENTROID,AREA_APPROX,,Emirate-level coordinates only — capture exact pin on first visit
11433,Unimoni Exchange LLC (Abu Hail),,,0279,,,,,,Abu Hail,,,042398727,,100229964000003,,,,,NONE,NO_LOCATION,ASK: EMAIL; ASK: EMIRATE/PLACE_OF_SUPPLY; ASK: LOCATION_PIN,
11434,BURJ AL RAYAN EQUIPMENT TRADING LLC,,,0280,,,Sharjah,Sharjah,Industrial Area 18,"Maliha Road, Industrial area - 18",,,+971567951416,,,,25.311094,55.413447,"https://www.google.com/maps?q=25.311094,55.413447",AREA_CENTROID,AREA_APPROX,ASK: EMAIL; ASK: TRN,District-level coordinates only — capture exact pin on first visit
11435,AL WAZZAN FOODSTUFFS FACTORY LLC,,,,,,Sharjah,Sharjah,Industrial Area 3,Industrial area - 3,48689,,0501666937,,,,25.323377,55.393328,"https://www.google.com/maps?q=25.323377,55.393328",AREA_CENTROID,AREA_APPROX,ASK: EMAIL; ASK: TRN,District-level coordinates only — capture exact pin on first visit
11436,EAST WEST HYPERMARKET L.L.C,NESTO KARAMA,,,,,Dubai,Dubai,,"Near Karama Post Office , Al Karama",,,,0549985364,100247587700003,,25.2048,55.2708,"https://www.google.com/maps?q=25.204800,55.270800",AREA_CENTROID,AREA_APPROX,ASK: EMAIL,Emirate-level coordinates only — capture exact pin on first visit
11437,AL WANEES LADIES SALON - BR 1,,,0282,,,Sharjah,Sharjah,Muwaileh,MUWEILAH,3909,,+971552459325,,,,25.295924,55.486309,"https://www.google.com/maps?q=25.295924,55.486309",AREA_CENTROID,AREA_APPROX,ASK: EMAIL; ASK: TRN,District-level coordinates only — capture exact pin on first visit
11438,AL WANEES LADIES SALON,,,0283,,,,,,BUTEENA,61304,,,,,,,,,NONE,NO_LOCATION,ASK: EMAIL; ASK: PHONE/MOBILE; ASK: TRN; ASK: EMIRATE/PLACE_OF_SUPPLY; ASK: LOCATION_PIN,
11439,Shades Interiors LLC,,,0284,,,Dubai,Dubai,,"Al Warsan Tower, Tecom, Al Barsha",,accounting@spacebuilders.org,+97144531157,,100205054800003,,25.2048,55.2708,"https://www.google.com/maps?q=25.204800,55.270800",AREA_CENTROID,AREA_APPROX,,Emirate-level coordinates only — capture exact pin on first visit
11441,Al Fayha Jewellers & Gold Factory LLC,,,",",1056/25,20,Sharjah,Sharjah,Al Sajaa,"Al Sajaa Industrial Suburb, Emirates Industrial City,Sharjah",37509,acc@fayhajewellery.com,065952400,065952400,100262542200003,,25.35579,55.630362,"https://www.google.com/maps?q=25.355790,55.630362",CONTRACT_MASTER,VERIFIED,,Location inherited from contract master (SL 20)
11442,LABI SIMON,,,285,,,,,,,,,+971555140323,,,,,,,NONE,NO_LOCATION,ASK: EMAIL; ASK: ADDRESS; ASK: TRN; ASK: EMIRATE/PLACE_OF_SUPPLY; ASK: LOCATION_PIN,
11443,AL NAHA LADIES SALON,,,0287,,,Sharjah,Sharjah,Al Mahatah,AL MAHATTA,3872,,+971527220449,,,,25.3463,55.4209,"https://www.google.com/maps?q=25.346300,55.420900",AREA_CENTROID,AREA_APPROX,ASK: EMAIL; ASK: TRN,District-level coordinates only — capture exact pin on first visit
11444,GREEN BUILDINGS FACILITY MANAGEMENT L.L.C,,,0288,,,,,,"SALAM STREET,,  ELECTRA SECTOR E11",62652,,00971555111070,,100202436000003,,,,,NONE,NO_LOCATION,ASK: EMAIL; ASK: EMIRATE/PLACE_OF_SUPPLY; ASK: LOCATION_PIN,
11445,NESTO HYPER MARKET L.L.C (Branch),Nesto JVC,,,,,,,,"The Circle Mall, Plot No. JVC11VCP 200, Jumeirah Village Circle",,ccml@nestogroup.com,0508993483,,100247587700003,,,,,NONE,NO_LOCATION,ASK: EMIRATE/PLACE_OF_SUPPLY; ASK: LOCATION_PIN,
11446,MATHAQ ALBASBOOSA SWEETS PREPARING L L C - SHJ. BR 1,,,0289,,,Sharjah,Sharjah,Muwaileh,"University City Road , Muweilah",,,0509298036,,,,25.295924,55.486309,"https://www.google.com/maps?q=25.295924,55.486309",AREA_CENTROID,AREA_APPROX,ASK: EMAIL; ASK: TRN,District-level coordinates only — capture exact pin on first visit
11447,AFGHAN TURK PALACE RESTURANT,,,0290,,,Sharjah,Sharjah,Industrial Area 2,AL QUASAIS INDUSTRIAL AREA-2,243-269,,0505004252,,,,25.311094,55.413447,"https://www.google.com/maps?q=25.311094,55.413447",AREA_CENTROID,AREA_APPROX,ASK: EMAIL; ASK: TRN,District-level coordinates only — capture exact pin on first visit
11448,Siana Technologies LLC Fz,,,0291,,,Dubai,Dubai,,"1401, Damac Business Tower , Business Bay",,,,,,,25.2048,55.2708,"https://www.google.com/maps?q=25.204800,55.270800",AREA_CENTROID,AREA_APPROX,ASK: EMAIL; ASK: PHONE/MOBILE; ASK: TRN,Emirate-level coordinates only — capture exact pin on first visit
11449,Nesto MMD Accommodation,,,,,,,,,,,,,,,,,,,NONE,NO_LOCATION,ASK: EMAIL; ASK: PHONE/MOBILE; ASK: ADDRESS; ASK: TRN; ASK: EMIRATE/PLACE_OF_SUPPLY; ASK: LOCATION_PIN,
11451,Nesto Al Warsan Staff Accommodation,,,,,,Dubai,Dubai,,"Geepas Commercial Centre Plot No: 3016, Al Warsan First,  UAE, Dubai",,,,,100247587700003,,25.2048,55.2708,"https://www.google.com/maps?q=25.204800,55.270800",AREA_CENTROID,AREA_APPROX,ASK: EMAIL; ASK: PHONE/MOBILE,Emirate-level coordinates only — capture exact pin on first visit
11452,YEAST & BUTTER BAKERY L.L.C. SP - BRANCH 1,HAY HAY BAKERY,,0294,,,Sharjah,Sharjah,Muwaileh,"Al Jada, Muweilah",,,0552353893,,,,25.295924,55.486309,"https://www.google.com/maps?q=25.295924,55.486309",AREA_CENTROID,AREA_APPROX,ASK: EMAIL; ASK: TRN,District-level coordinates only — capture exact pin on first visit
11453,Zed Pharma Drug LLC,,,0295,,,Ajman,Ajman,,Al Jurf,,,,,104629175100003,,25.4052,55.5136,"https://www.google.com/maps?q=25.405200,55.513600",AREA_CENTROID,AREA_APPROX,ASK: EMAIL; ASK: PHONE/MOBILE,Emirate-level coordinates only — capture exact pin on first visit
11454,BARBAR REST RESRTAURANT LLC,,,0296,,,Sharjah,Sharjah,Al Khan,AL KHAN,44656,,0506262828,,,,25.314391,55.375385,"https://www.google.com/maps?q=25.314391,55.375385",AREA_CENTROID,AREA_APPROX,ASK: EMAIL; ASK: TRN,District-level coordinates only — capture exact pin on first visit
11455,NESTO HYPER MARKET L.L.C (Branch).   8125,Nesto mina mall,,,,,Dubai,Dubai,,"Plot No : 17(321-171), Block : Madinat Dubai, Almelaheyah (321)",,hr.mina@nestogroup.com,+971545824041,,100247587700003,,25.2048,55.2708,"https://www.google.com/maps?q=25.204800,55.270800",AREA_CENTROID,AREA_APPROX,,Emirate-level coordinates only — capture exact pin on first visit
11456,ROSE KING FLOWERS TRADING (L.L.C) - SHJ. BR 1,,,0298,,,Sharjah,Sharjah,Muwaileh,Muweilah,6818,rosekingllc@gmail.com,0506785558,0526504308,,,25.295924,55.486309,"https://www.google.com/maps?q=25.295924,55.486309",AREA_CENTROID,AREA_APPROX,ASK: TRN,District-level coordinates only — capture exact pin on first visit
11457,Nesto Al Khan Staff Accommodation,Abdul Jaleel M.A,,,,,Sharjah,Sharjah,Abu Shagara,"NESTO HYPERMARKET, Near Liberty Signal,Abushagara,UAE",,absg.manager@nestogroup.com,,0565451691,100247587700003,,25.336248,55.395397,"https://www.google.com/maps?q=25.336248,55.395397",AREA_CENTROID,AREA_APPROX,,District-level coordinates only — capture exact pin on first visit
11458,Abc lld,,,,,,,,,,,,,,,,,,,NONE,NO_LOCATION,ASK: EMAIL; ASK: PHONE/MOBILE; ASK: ADDRESS; ASK: TRN; ASK: EMIRATE/PLACE_OF_SUPPLY; ASK: LOCATION_PIN,
11459,Yas Elevators,,,0301,,,Sharjah,Sharjah,Industrial Area 18,"Industrial Area - 18, Maleha St",,contact@yaselevators.com,+971502179786,,,,25.311094,55.413447,"https://www.google.com/maps?q=25.311094,55.413447",AREA_CENTROID,AREA_APPROX,ASK: TRN,District-level coordinates only — capture exact pin on first visit
11461,CUTFISH RESTURANT MANAGEMENT,,,302,,,,,,"UMMSEQUEM, JUMEIRAH",,,,,,,,,,NONE,NO_LOCATION,ASK: EMAIL; ASK: PHONE/MOBILE; ASK: TRN; ASK: EMIRATE/PLACE_OF_SUPPLY; ASK: LOCATION_PIN,
11462,Awaney Restaurant,,AWANEY GROUP,0302,"10030/25, 10031/25","4, 5",Dubai,Dubai,Al Yarmook,Al Quoz Matajer,,,,,100326795000003,,25.349801,55.400434,"https://www.google.com/maps?q=25.349801,55.400434",CONTRACT_MASTER,UNVERIFIED,ASK: EMAIL; ASK: PHONE/MOBILE,"Location inherited from contract master (SL 4, 5)"
11463,Riviera Management & Tr. Consultanncy,,,,,,Sharjah,Sharjah,Al Majaz,"Crystal Tower , Al Majaz",,wahid@rivierahr.ae,+971553100323,,100258763000003,,25.330126,55.374338,"https://www.google.com/maps?q=25.330126,55.374338",AREA_CENTROID,AREA_APPROX,,District-level coordinates only — capture exact pin on first visit
11464,K S J V Technical Services,Rahmaniya Villa,,,,,,,,,,,,,,,,,,NONE,NO_LOCATION,ASK: EMAIL; ASK: PHONE/MOBILE; ASK: ADDRESS; ASK: TRN; ASK: EMIRATE/PLACE_OF_SUPPLY; ASK: LOCATION_PIN,
11465,AL WAJEHA BUILDING CONTRACTING  L.L.C,,,0306,,,,,,"ZAROONI BUILDING,  DAMASCUS STREET 2",83762,,+971503277095,,104108055500003,,,,,NONE,NO_LOCATION,ASK: EMAIL; ASK: EMIRATE/PLACE_OF_SUPPLY; ASK: LOCATION_PIN,
11466,EWAN HOTEL APARTMENT,,,,,,Ajman,Ajman,,RASHID STREET HAMIDIYA,,,,0507743517,100365986700003,,25.4052,55.5136,"https://www.google.com/maps?q=25.405200,55.513600",AREA_CENTROID,AREA_APPROX,ASK: EMAIL,Emirate-level coordinates only — capture exact pin on first visit
11467,EWAN TOWER AJMAN,,,,,,Ajman,Ajman,,RASHID STREET HAMIDIYA,,,0507743517,0507743517,100365986700003,,25.4052,55.5136,"https://www.google.com/maps?q=25.405200,55.513600",AREA_CENTROID,AREA_APPROX,ASK: EMAIL,Emirate-level coordinates only — capture exact pin on first visit
11468,ASG MANAGEMENT SERVICES LLC,,,0310,,,Dubai,Dubai,,"Al Dar, Muraqqabat,, Deira",25250,,+971547444744,,100045237300003,,25.2048,55.2708,"https://www.google.com/maps?q=25.204800,55.270800",AREA_CENTROID,AREA_APPROX,ASK: EMAIL,Emirate-level coordinates only — capture exact pin on first visit
11469,AL ARUZZ AL TAZEJ KITCHEN AND RESTAURANT L.L.C,,,0311,,,,,,Diera,,foodatm.dxb@gmail.com,+971557868001,,,,,,,NONE,NO_LOCATION,ASK: TRN; ASK: EMIRATE/PLACE_OF_SUPPLY; ASK: LOCATION_PIN,
11471,Best Food Dip2 Camp,,,0312,,,Dubai,Dubai,,Dip - 2,,,,,,,25.2048,55.2708,"https://www.google.com/maps?q=25.204800,55.270800",AREA_CENTROID,AREA_APPROX,ASK: EMAIL; ASK: PHONE/MOBILE; ASK: TRN,Emirate-level coordinates only — capture exact pin on first visit
11472,SRI BALAJI BHAVANN VEGETARIAN RESTAURANT L.L.C,,,"0313,",,,Dubai,Dubai,,"Bar Dubai, Al Karama",123,alrasafapa2md@gmail.com,0,971553376404,,,25.2048,55.2708,"https://www.google.com/maps?q=25.204800,55.270800",AREA_CENTROID,AREA_APPROX,ASK: TRN,Emirate-level coordinates only — capture exact pin on first visit
11473,Leaders Fitness & Leisure Club,,,,,,,,,Al Wasl,,,,,100319720700003,,,,,NONE,NO_LOCATION,ASK: EMAIL; ASK: PHONE/MOBILE; ASK: EMIRATE/PLACE_OF_SUPPLY; ASK: LOCATION_PIN,
11474,NASHAT FARHAN AWAD SAHAWNEH,,,0314,,,Sharjah,Sharjah,Industrial Area,Industrial area,,,,,,,25.3169,55.4187,"https://www.google.com/maps?q=25.316900,55.418700",AREA_CENTROID,AREA_APPROX,ASK: EMAIL; ASK: PHONE/MOBILE; ASK: TRN,District-level coordinates only — capture exact pin on first visit
11475,NEBRASKA PAPER TRADING LLC,,,,,,,,,,,,,,100214935700003,,,,,NONE,NO_LOCATION,ASK: EMAIL; ASK: PHONE/MOBILE; ASK: ADDRESS; ASK: EMIRATE/PLACE_OF_SUPPLY; ASK: LOCATION_PIN,
11476,Medco Contracting LLC,,,,,,Dubai,Dubai,,"M13-14 Al Andalus Building, Abu Hail Road, Deira",10839,,,,,,25.2048,55.2708,"https://www.google.com/maps?q=25.204800,55.270800",AREA_CENTROID,AREA_APPROX,ASK: EMAIL; ASK: PHONE/MOBILE; ASK: TRN,Emirate-level coordinates only — capture exact pin on first visit
11477,Al Ahalia Exchange - Burdubai,,,,,,Dubai,Dubai,Al Nad,"Al Nadha St, Al Fahidi, Bur Dubai",,,,,100349992600003,,25.14563,55.364275,"https://www.google.com/maps?q=25.145630,55.364275",AREA_CENTROID,AREA_APPROX,ASK: EMAIL; ASK: PHONE/MOBILE,District-level coordinates only — capture exact pin on first visit
11478,ABC LLC,DEMO SAHAL,,020,,,,,,,,,,,,,,,,NONE,NO_LOCATION,ASK: EMAIL; ASK: PHONE/MOBILE; ASK: ADDRESS; ASK: TRN; ASK: EMIRATE/PLACE_OF_SUPPLY; ASK: LOCATION_PIN,
11479,SAAD ARBEED JLUWI AL ARBEED,Nasriya Sharjah,,,,,,,,,,,,,104014098800003,,,,,NONE,NO_LOCATION,ASK: EMAIL; ASK: PHONE/MOBILE; ASK: ADDRESS; ASK: EMIRATE/PLACE_OF_SUPPLY; ASK: LOCATION_PIN,
11481,Liva insurance,,,,,,,,,,,,,,,,,,,NONE,NO_LOCATION,ASK: EMAIL; ASK: PHONE/MOBILE; ASK: ADDRESS; ASK: TRN; ASK: EMIRATE/PLACE_OF_SUPPLY; ASK: LOCATION_PIN,
11482,MOUHAJER INTERNATIONAL DESIGN,KALEEM,,,,,,,,Burj Vista Tower 1,,,,+971521594350,100329380800003,,,,,NONE,NO_LOCATION,ASK: EMAIL; ASK: EMIRATE/PLACE_OF_SUPPLY; ASK: LOCATION_PIN,
11483,"H B S .L L C,SAFAD BUILDING",Awani,,,1137/26,81,Sharjah,Sharjah,Bu Tina,"H B S L , SAFAD BUILDING, BUTHEENA SHARJAH",,,+971506499876,,,,25.371034,55.401896,"https://www.google.com/maps?q=25.371034,55.401896",CONTRACT_MASTER,AREA_APPROX,ASK: EMAIL; ASK: TRN,Location inherited from contract master (SL 81)
11484,Iran Insurance,Mohammed Faqhi,,,,,,,,Al Miqdad Bin Amr Street,,sharjah@bimehir.ae,+97165507700,+97165507700,100282418100003,,,,,NONE,NO_LOCATION,ASK: EMIRATE/PLACE_OF_SUPPLY; ASK: LOCATION_PIN,
11485,Replika Restaurant,,,,,,Dubai,Dubai,,"Windsor Manor, Business Bay",,,0528442881,,,,25.2048,55.2708,"https://www.google.com/maps?q=25.204800,55.270800",AREA_CENTROID,AREA_APPROX,ASK: EMAIL; ASK: TRN,Emirate-level coordinates only — capture exact pin on first visit
11486,MR ZIYAD,,,,,,Sharjah,Sharjah,,"Gulaya building ,G plus 4 Building, Sharjah",,,,,,,25.3463,55.4209,"https://www.google.com/maps?q=25.346300,55.420900",AREA_CENTROID,AREA_APPROX,ASK: EMAIL; ASK: PHONE/MOBILE; ASK: TRN,Emirate-level coordinates only — capture exact pin on first visit
11487,Nev Real Estate L.L.C,,,,,,Dubai,Dubai,,"Burlington tower,marasi dr, Business bay,Apt No 1417",,,,,1040118075500003,,25.2048,55.2708,"https://www.google.com/maps?q=25.204800,55.270800",AREA_CENTROID,AREA_APPROX,ASK: EMAIL; ASK: PHONE/MOBILE,Emirate-level coordinates only — capture exact pin on first visit
11488,Late Mohammad Abdulla Shamsudeen Al Kandari,Mustaqbal Real Estate,,,,,Sharjah,Sharjah,Abu Shagara,Abu shagara Building,,,,,,,25.336248,55.395397,"https://www.google.com/maps?q=25.336248,55.395397",AREA_CENTROID,AREA_APPROX,ASK: EMAIL; ASK: PHONE/MOBILE; ASK: TRN,District-level coordinates only — capture exact pin on first visit
11489,Muhayer Abdulla Saeed Alketbi,Mustaqbal Real Estate,,,,,Sharjah,Sharjah,Al Soor,"Al Soor Blding, Sharjah",,,,,,,25.3639,55.3922,"https://www.google.com/maps?q=25.363900,55.392200",AREA_CENTROID,AREA_APPROX,ASK: EMAIL; ASK: PHONE/MOBILE; ASK: TRN,District-level coordinates only — capture exact pin on first visit
11491,Oh My Desk,HELENE,,,,,,,,Al Fatman 3rd Floor Mezzanine,,,,+971562600226,,,,,,NONE,NO_LOCATION,ASK: EMAIL; ASK: TRN; ASK: EMIRATE/PLACE_OF_SUPPLY; ASK: LOCATION_PIN,
11492,SIGNA FOOD PRODUCTS LLC,,,,,,Dubai,Dubai,,"Al Ttay, Near fast fix Auto centre LLC-Al Khawaneej, Dubai",,,,,104783034200003,,25.2048,55.2708,"https://www.google.com/maps?q=25.204800,55.270800",AREA_CENTROID,AREA_APPROX,ASK: EMAIL; ASK: PHONE/MOBILE,Emirate-level coordinates only — capture exact pin on first visit
11493,Evo Green,Qadeer Ali,,,,,Sharjah,Sharjah,Al Sajaa,ALl Sajaa,,,,,,,25.311217,55.641176,"https://www.google.com/maps?q=25.311217,55.641176",AREA_CENTROID,AREA_APPROX,ASK: EMAIL; ASK: PHONE/MOBILE; ASK: TRN,District-level coordinates only — capture exact pin on first visit
11494,Caramel Beauty center & Spa,,,,,,,,,Malika Road,,,,,,,,,,NONE,NO_LOCATION,ASK: EMAIL; ASK: PHONE/MOBILE; ASK: TRN; ASK: EMIRATE/PLACE_OF_SUPPLY; ASK: LOCATION_PIN,
11495,Al Tawar Villa,,,,,,,,,,,,,,,,,,,NONE,NO_LOCATION,ASK: EMAIL; ASK: PHONE/MOBILE; ASK: ADDRESS; ASK: TRN; ASK: EMIRATE/PLACE_OF_SUPPLY; ASK: LOCATION_PIN,
11496,D Realtors Real Estate,,,,,,Dubai,Dubai,,"602 City Avenue Buildinf, Port Saeed Road",,,,,100441798400003,,25.2048,55.2708,"https://www.google.com/maps?q=25.204800,55.270800",AREA_CENTROID,AREA_APPROX,ASK: EMAIL; ASK: PHONE/MOBILE,Emirate-level coordinates only — capture exact pin on first visit
11497,Petroserve Interntional,Miswar,,,,,Dubai,Dubai,,"Flat 704,Sevanam Crown Building ,  Silicon Oasis, Dubai",,,,0551805424,,,25.2048,55.2708,"https://www.google.com/maps?q=25.204800,55.270800",AREA_CENTROID,AREA_APPROX,ASK: EMAIL; ASK: TRN,Emirate-level coordinates only — capture exact pin on first visit
11498,George,George,,,,,Sharjah,Sharjah,,"Sharjah Univercity, uae",,,,+971501202647,,,25.3463,55.4209,"https://www.google.com/maps?q=25.346300,55.420900",AREA_CENTROID,AREA_APPROX,ASK: EMAIL; ASK: TRN,Emirate-level coordinates only — capture exact pin on first visit
11499,HELEN AND SONS BUSINESS CONSULTANCY,SABA,,,,,Sharjah,Sharjah,Al Qasimia,Al Qasimia,,,,+971509887433,,,25.341179,55.395932,"https://www.google.com/maps?q=25.341179,55.395932",AREA_CENTROID,AREA_APPROX,ASK: EMAIL; ASK: TRN,District-level coordinates only — capture exact pin on first visit
11511,Integra Technologies FZE,,,,,,Dubai,Dubai,,"Silicon Oasis, Dubai, Dubai, United Arab Emirates, 341352",,,,,100362084400003,,25.2048,55.2708,"https://www.google.com/maps?q=25.204800,55.270800",AREA_CENTROID,AREA_APPROX,ASK: EMAIL; ASK: PHONE/MOBILE,Emirate-level coordinates only — capture exact pin on first visit
11512,PrimeFM Building maintenance,Mohamed Hisham,,,,,Dubai,Dubai,,"Office No. 415, Le Solarium Building, Dubai Silicon Oasis, Dubai, Dubai, United Arab Emirates, 122386",,Hisham.m@Primefm-me.com,,,100476271000003,,25.2048,55.2708,"https://www.google.com/maps?q=25.204800,55.270800",AREA_CENTROID,AREA_APPROX,ASK: PHONE/MOBILE,Emirate-level coordinates only — capture exact pin on first visit
11513,Al zarouni International Equipments L.L.C,Needless Tewani,,,,,Sharjah,Sharjah,Industrial Area 4,"Al Wahda Street,, Industrial Area 4",,neelesh@zie.ae,0504826761,,100323499200003,,25.311094,55.413447,"https://www.google.com/maps?q=25.311094,55.413447",AREA_CENTROID,AREA_APPROX,,District-level coordinates only — capture exact pin on first visit
11514,Swiss International FZ LCC,,,,,,Dubai,Dubai,,"Dubai Healthcare City , Phase 2 AL Jaddaf, Dubai",,james.antony@sisd.ae,0524312579,,,,25.2048,55.2708,"https://www.google.com/maps?q=25.204800,55.270800",AREA_CENTROID,AREA_APPROX,ASK: TRN,Emirate-level coordinates only — capture exact pin on first visit
11515,SABIS INTERNATIONAL SCHOOL,,,,,,Sharjah,Sharjah,Industrial Area 6,"University city road , Industrial Area 6",,,971524014094,,,,25.311094,55.413447,"https://www.google.com/maps?q=25.311094,55.413447",AREA_CENTROID,AREA_APPROX,ASK: EMAIL; ASK: TRN,District-level coordinates only — capture exact pin on first visit
11516,AL Ramz Real Estate Accommodation,,,,,,,,,Saja,,alramzrealestate@gmail.com,0509209004,0509209004,,,,,,NONE,NO_LOCATION,ASK: TRN; ASK: EMIRATE/PLACE_OF_SUPPLY; ASK: LOCATION_PIN,
11517,AL BUSTAN BUILDING,,,,,,Sharjah,Sharjah,Al Musalla,Musalla,,,,,,,25.06212,56.352787,"https://www.google.com/maps?q=25.062120,56.352787",AREA_CENTROID,AREA_APPROX,ASK: EMAIL; ASK: PHONE/MOBILE; ASK: TRN,District-level coordinates only — capture exact pin on first visit
11518,TRANSDELTA INTERNATIONAL INDUSTRIES LLC,,,,,,,,,,22104,production@transdelta.ae,,+97167485661,,,,,,NONE,NO_LOCATION,ASK: ADDRESS; ASK: TRN; ASK: EMIRATE/PLACE_OF_SUPPLY; ASK: LOCATION_PIN,
11519,OPULAXE CAFE-SOLE PROPRITORSHIP L.L.C,,,,,,,,,"Inside the Oasis Mall, 2nd Floor",,,,+971581422661,,,,,,NONE,NO_LOCATION,ASK: EMAIL; ASK: TRN; ASK: EMIRATE/PLACE_OF_SUPPLY; ASK: LOCATION_PIN,
11521,Bobby Thomas,,,,,,,,,"Calicut Park Resturant Building 402, Al Qasmiya",,,,+97155397077,,,,,,NONE,NO_LOCATION,ASK: EMAIL; ASK: TRN; ASK: EMIRATE/PLACE_OF_SUPPLY; ASK: LOCATION_PIN,
11522,Raju,,,,,,,,,"Al Gafeya,  Villa No 37 2nd Street",,,,0506335059,,,,,,NONE,NO_LOCATION,ASK: EMAIL; ASK: TRN; ASK: EMIRATE/PLACE_OF_SUPPLY; ASK: LOCATION_PIN,
11523,NESIR AL MADINA SUPERMARKET,,,,,,Sharjah,Sharjah,Al Nahda,Al Nahda,,,,0585593926,,,25.301355,55.37487,"https://www.google.com/maps?q=25.301355,55.374870",AREA_CENTROID,AREA_APPROX,ASK: EMAIL; ASK: TRN,District-level coordinates only — capture exact pin on first visit
11524,AMIRI BUILDING,,,,,,Sharjah,Sharjah,Al Rolla,Rolla,,,,0507365918,,,25.35707,55.391061,"https://www.google.com/maps?q=25.357070,55.391061",AREA_CENTROID,AREA_APPROX,ASK: EMAIL; ASK: TRN,District-level coordinates only — capture exact pin on first visit
11525,SULTHAN AL ARAB RESTUARANT,,,,,,,,,Al Majas,,,,0557121441,104774977300003,,,,,NONE,NO_LOCATION,ASK: EMAIL; ASK: EMIRATE/PLACE_OF_SUPPLY; ASK: LOCATION_PIN,
11526,Prominent Star Machines Spare Parts TR LLC,,,,,,,,,,,,,+971567966898,,,,,,NONE,NO_LOCATION,ASK: EMAIL; ASK: ADDRESS; ASK: TRN; ASK: EMIRATE/PLACE_OF_SUPPLY; ASK: LOCATION_PIN,
11527,FANDOM RESTAURANT LLC,,,,,,Sharjah,Sharjah,Muwaileh,Muwaileh,,,,0547452463,,,25.295924,55.486309,"https://www.google.com/maps?q=25.295924,55.486309",AREA_CENTROID,AREA_APPROX,ASK: EMAIL; ASK: TRN,District-level coordinates only — capture exact pin on first visit
11528,AL NADA SPECIALIST MEDICAL CENTRE LLC S.P,,,,1231/26,174,Sharjah,Sharjah,Industrial Area 18,"Industrial 18 ,Sharjah Behind Maliha Road",,,0561051555,,,,25.311094,55.413447,"https://www.google.com/maps?q=25.311094,55.413447",CONTRACT_MASTER,AREA_APPROX,ASK: EMAIL; ASK: TRN,Location inherited from contract master (SL 174)
11529,AL TAMAM FURNITURE MOVERS L.L.C,,,,,,Abu Dhabi,Abu Dhabi,,"Store 126,Bldgs Sector M 34, Mussafah,Abudhabi, Abudhabi",,,,0502009143,104664967700003,,24.4539,54.3773,"https://www.google.com/maps?q=24.453900,54.377300",AREA_CENTROID,AREA_APPROX,ASK: EMAIL,Emirate-level coordinates only — capture exact pin on first visit
11531,Bassam Tower,,,,,,Sharjah,Sharjah,,"Corniche st, Al Majas, sharjah",,,,,,,25.3463,55.4209,"https://www.google.com/maps?q=25.346300,55.420900",AREA_CENTROID,AREA_APPROX,ASK: EMAIL; ASK: PHONE/MOBILE; ASK: TRN,Emirate-level coordinates only — capture exact pin on first visit
11532,Sheela,,,,,,Dubai,Dubai,,"Dubai, Dubai",,,,0568580009,,,25.2048,55.2708,"https://www.google.com/maps?q=25.204800,55.270800",AREA_CENTROID,AREA_APPROX,ASK: EMAIL; ASK: TRN,Emirate-level coordinates only — capture exact pin on first visit
11533,Ocean Rubber Factory LLC,,,,,,Sharjah,Sharjah,Industrial Area 15,"Industrial Area 15, Street 10, Sharjah",,,,+97165344110,100203213200003,,25.311094,55.413447,"https://www.google.com/maps?q=25.311094,55.413447",AREA_CENTROID,AREA_APPROX,ASK: EMAIL,District-level coordinates only — capture exact pin on first visit
11534,Vision printing Accommodation,,,,,,Umm Al Quwain,Umm Al Quwain,,Umm Al Quwain,,,,05052929546,,,25.5647,55.5532,"https://www.google.com/maps?q=25.564700,55.553200",AREA_CENTROID,AREA_APPROX,ASK: EMAIL; ASK: TRN,Emirate-level coordinates only — capture exact pin on first visit
11535,Mother & Fetuses Medical Center L.L.C,,,,,,Sharjah,Sharjah,Wasit,"Villa 458 Wasit St,Wasit Suburb- , Al Azra,Wasit Suburb, Sharjah",,daudajemba@gmail.com,0544972891,,1004315955600003,,25.355297,55.459773,"https://www.google.com/maps?q=25.355297,55.459773",AREA_CENTROID,AREA_APPROX,,District-level coordinates only — capture exact pin on first visit
11536,AL MASHHOOR OFFICE EQUIPMENT TR,,,,,,Sharjah,Sharjah,Industrial Area 13,"Al Qusais, Dubai Ind 13, Sharjah",,,0581581522,,100348458900003,,25.311094,55.413447,"https://www.google.com/maps?q=25.311094,55.413447",AREA_CENTROID,AREA_APPROX,ASK: EMAIL,District-level coordinates only — capture exact pin on first visit
11537,ACUBE INDUSTRIES LLC,,,,,,Umm Al Quwain,Umm Al Quwain,,"Umm Al Quwain Area 02,, Umm Dera, Sector 5,Al Rafaah, Ummul Al Quwain",,,,0503129727,104893866400003,,25.5647,55.5532,"https://www.google.com/maps?q=25.564700,55.553200",AREA_CENTROID,AREA_APPROX,ASK: EMAIL,Emirate-level coordinates only — capture exact pin on first visit
11538,Rahma Mohammed Abdulla Saif Al Shamsi (Muweilah 2157 Bldg),,,,,,Sharjah,Sharjah,Muwaileh,Muweilah 2157 Bldg,,,0507004939,,,,25.295924,55.486309,"https://www.google.com/maps?q=25.295924,55.486309",AREA_CENTROID,AREA_APPROX,ASK: EMAIL; ASK: TRN,District-level coordinates only — capture exact pin on first visit
11539,Ocean Oilfield Driling Rigs & Marine Eng,,OCEAN OILFIELD GROUP,,,,Sharjah,Sharjah,Al Hamriyah,"HD33&34, Hamriya freezone,phase 1,, Sharjah",50034,,,,,,25.456513,55.513359,"https://www.google.com/maps?q=25.456513,55.513359",AREA_CENTROID,AREA_APPROX,ASK: EMAIL; ASK: PHONE/MOBILE; ASK: TRN,District-level coordinates only — capture exact pin on first visit
11541,Obaid Essa Ahmed Alsalman,,,,,,Sharjah,Sharjah,,"Al Bassmah Tower,King Abdulaziz Street, Al Majas 2, Sharjah",,,,0506262777,100429117300003,,25.3463,55.4209,"https://www.google.com/maps?q=25.346300,55.420900",AREA_CENTROID,AREA_APPROX,ASK: EMAIL,Emirate-level coordinates only — capture exact pin on first visit
11542,Jon Allsopp,,,,,,Dubai,Dubai,,"1805 windsor Manor Tower, Business Bay, Dubai",,,0585903016,,,,25.2048,55.2708,"https://www.google.com/maps?q=25.204800,55.270800",AREA_CENTROID,AREA_APPROX,ASK: EMAIL; ASK: TRN,Emirate-level coordinates only — capture exact pin on first visit
11543,Federal Exchange,,,,,,Dubai,Dubai,,"Al Quoz Mall , Dubai",,,,552700660,100334378500003,,25.2048,55.2708,"https://www.google.com/maps?q=25.204800,55.270800",AREA_CENTROID,AREA_APPROX,ASK: EMAIL,Emirate-level coordinates only — capture exact pin on first visit
11544,Hot Bowl Restaurant LLC,,,,,,Dubai,Dubai,,Karama,,,,,,,25.2048,55.2708,"https://www.google.com/maps?q=25.204800,55.270800",AREA_CENTROID,AREA_APPROX,ASK: EMAIL; ASK: PHONE/MOBILE; ASK: TRN,Emirate-level coordinates only — capture exact pin on first visit
11545,ABO OSAMO,,,,,,Dubai,Dubai,,Algarhound Dubai,,,,0559552420,,,25.2048,55.2708,"https://www.google.com/maps?q=25.204800,55.270800",AREA_CENTROID,AREA_APPROX,ASK: EMAIL; ASK: TRN,Emirate-level coordinates only — capture exact pin on first visit
11546,VENCO  IMITIAZ CONTRACTING CO LLC,,,,,,Sharjah,Sharjah,Industrial Area 3,IND 3,,,,+971555566191,,,25.323377,55.393328,"https://www.google.com/maps?q=25.323377,55.393328",AREA_CENTROID,AREA_APPROX,ASK: EMAIL; ASK: TRN,District-level coordinates only — capture exact pin on first visit
11547,Four Links Insulation,,,,,,,,,"Business Tower-No 3106 31st Floor, Corniche St Al Majas",,,,+971544479346,,,,,,NONE,NO_LOCATION,ASK: EMAIL; ASK: TRN; ASK: EMIRATE/PLACE_OF_SUPPLY; ASK: LOCATION_PIN,
11548,OXYGEN GENERAL MAINT CONT L.L.C,,,,,,Ajman,Ajman,,"Riyad Building,Shop No-7, Street No-1,Ajman Insdustrial-2",,,,525213628,100611652700003,,25.4052,55.5136,"https://www.google.com/maps?q=25.405200,55.513600",AREA_CENTROID,AREA_APPROX,ASK: EMAIL,Emirate-level coordinates only — capture exact pin on first visit
11549,MANARAT MUWAILEH REST,,,,,,Sharjah,Sharjah,Muwaileh,Muwaileh,,,,+971564459927,,,25.295924,55.486309,"https://www.google.com/maps?q=25.295924,55.486309",AREA_CENTROID,AREA_APPROX,ASK: EMAIL; ASK: TRN,District-level coordinates only — capture exact pin on first visit
11551,SHIFA MUWAILEH MEDICAL CENTER L.L.C,,,,,,,,,"Shop No : 2.Muwailih,Maliha Road,",,,,+971524049165,104900860800003,,,,,NONE,NO_LOCATION,ASK: EMAIL; ASK: EMIRATE/PLACE_OF_SUPPLY; ASK: LOCATION_PIN,
11552,Maryam Mohammed Ali Fajar,Mustaqbal Real Estate,,,,,,,,Yarmuk Building,,,,,,,,,,NONE,NO_LOCATION,ASK: EMAIL; ASK: PHONE/MOBILE; ASK: TRN; ASK: EMIRATE/PLACE_OF_SUPPLY; ASK: LOCATION_PIN,
11553,SAIF MUSABBEH ABDULLA MAJED AL MESAFRI,Mustaqbal Real Estate,,,,,Sharjah,Sharjah,Industrial Area 13,"Industrial 13, Office Building",,,,,,,25.311094,55.413447,"https://www.google.com/maps?q=25.311094,55.413447",AREA_CENTROID,AREA_APPROX,ASK: EMAIL; ASK: PHONE/MOBILE; ASK: TRN,District-level coordinates only — capture exact pin on first visit
11554,Mohammed Abdullah Shamsudheen Al Kandary,Mustaqbal Real Estate,,,,,Sharjah,Sharjah,Abu Shagara,Abushagara Bldg Owner,,,,,,,25.336248,55.395397,"https://www.google.com/maps?q=25.336248,55.395397",AREA_CENTROID,AREA_APPROX,ASK: EMAIL; ASK: PHONE/MOBILE; ASK: TRN,District-level coordinates only — capture exact pin on first visit
11555,Abdel Rahman Saleh Ahmed Al Ali,Mustaqbal Real Estate,,,,,,,,"Villa 154 A, Al Qasimi St",,,,,,,,,,NONE,NO_LOCATION,ASK: EMAIL; ASK: PHONE/MOBILE; ASK: TRN; ASK: EMIRATE/PLACE_OF_SUPPLY; ASK: LOCATION_PIN,
11556,THARIK ABDUL AZEEZ (SHIFA AL JASEERA),Shifa Al Jaseera,,,,,,,,"VILLA,AL JADDA",,,,+971524049165,,,,,,NONE,NO_LOCATION,ASK: EMAIL; ASK: TRN; ASK: EMIRATE/PLACE_OF_SUPPLY; ASK: LOCATION_PIN,
11557,AL NASSER PROPERTIES,,,,,,,,,"8th Floor,Liwa Tower,Captital Centre,, AL Khaleej Al Arabui Street",46611,,+97125059275,,,,,,,NONE,NO_LOCATION,ASK: EMAIL; ASK: TRN; ASK: EMIRATE/PLACE_OF_SUPPLY; ASK: LOCATION_PIN,
11558,LAND MARK RETAIL INVEST COMPANY LLC,,,,,,Dubai,Dubai,,Dubai Marina,,,,+971045174001,,,25.2048,55.2708,"https://www.google.com/maps?q=25.204800,55.270800",AREA_CENTROID,AREA_APPROX,ASK: EMAIL; ASK: TRN,Emirate-level coordinates only — capture exact pin on first visit
11559,P2,,,,,,,,,Jamal Abdul Nassir,,,,,,,,,,NONE,NO_LOCATION,ASK: EMAIL; ASK: PHONE/MOBILE; ASK: TRN; ASK: EMIRATE/PLACE_OF_SUPPLY; ASK: LOCATION_PIN,
11561,XESS ADVERTISING LLC,,,,,,Dubai,Dubai,,"SHED 4,20 A STREETMMARABEA ROAD, AL QUOZ IND 4",300697,,,0521056078,100200523700003,,25.2048,55.2708,"https://www.google.com/maps?q=25.204800,55.270800",AREA_CENTROID,AREA_APPROX,ASK: EMAIL,Emirate-level coordinates only — capture exact pin on first visit
11562,Lulu Exchange,,,",",,,,,,Grand Mall 1,,,,065634780,,,,,,NONE,NO_LOCATION,ASK: EMAIL; ASK: TRN; ASK: EMIRATE/PLACE_OF_SUPPLY; ASK: LOCATION_PIN,
11563,FATIMA ALMARZOOQI BEAUTY&SPA CENTER L.L.C,,,,1066/25,27,Sharjah,Sharjah,Halwan,Halwan,,,,,,,25.34137,55.426489,"https://www.google.com/maps?q=25.341370,55.426489",CONTRACT_MASTER,VERIFIED,ASK: EMAIL; ASK: PHONE/MOBILE; ASK: TRN,Location inherited from contract master (SL 27)
11564,HOUSE OF GRIL RESTAURANT,,,,,,Sharjah,Sharjah,Abu Shagara,"OPP AL MADINA SUPERMARKET , ABU SHAGARA PARK",,,,0528947476,100051670600003,,25.336248,55.395397,"https://www.google.com/maps?q=25.336248,55.395397",AREA_CENTROID,AREA_APPROX,ASK: EMAIL,District-level coordinates only — capture exact pin on first visit
11565,Giridhar Alwar,,,,,,Sharjah,Sharjah,Al Rolla,"Monacco Hotel,Building F3, , Flat No G2, Rolla",,,,0506547759,,,25.35707,55.391061,"https://www.google.com/maps?q=25.357070,55.391061",AREA_CENTROID,AREA_APPROX,ASK: EMAIL; ASK: TRN,District-level coordinates only — capture exact pin on first visit
11566,AL MANIYA REALESTATE,,,,,,,,,"Al Saja,",,,,050290712,,,,,,NONE,NO_LOCATION,ASK: EMAIL; ASK: TRN; ASK: EMIRATE/PLACE_OF_SUPPLY; ASK: LOCATION_PIN,
11567,PERFECT OASIS CATERING SERVICES LLC-SP,,,,,,Sharjah,Sharjah,Al Dhaid,"No 19,Al Sajaa, Al Dhaid Street,Industrial Area",15268,quality@taashgroup.com,,+971508364402,104075544700003,,25.27092,55.876824,"https://www.google.com/maps?q=25.270920,55.876824",AREA_CENTROID,AREA_APPROX,,District-level coordinates only — capture exact pin on first visit
11568,Mohammed Al Hasoun Medical Centre,,,,1054/25,18,Sharjah,Sharjah,Al Khan,Al Khan,,,,+971503751572,,,25.324518,55.375133,"https://www.google.com/maps?q=25.324518,55.375133",CONTRACT_MASTER,VERIFIED,ASK: EMAIL; ASK: TRN,Location inherited from contract master (SL 18)
11569,AL FAWZAN HAIRDRESSERS SALON .BR. 1,,,,,,,,,Al Majas,,,,0557724365,,,,,,NONE,NO_LOCATION,ASK: EMAIL; ASK: TRN; ASK: EMIRATE/PLACE_OF_SUPPLY; ASK: LOCATION_PIN,
11571,AL YAM BEAUTY CENTER,,,,"1047/25, 1144/26","13, 88",Sharjah,Sharjah,Al Dhaid,Al Dhaid Central Region,,,,0502020395,,,25.299862,55.874383,"https://www.google.com/maps?q=25.299862,55.874383",CONTRACT_MASTER,VERIFIED,ASK: EMAIL; ASK: TRN,"Location inherited from contract master (SL 13, 88)"
11572,GOPAL&SUMAN ROASTRY LLC,,,,1061/25,22,Sharjah,Sharjah,Al Gharb,"AL GUAIR,SHARJAH",,,,052670095,,,25.35783,55.388649,"https://www.google.com/maps?q=25.357830,55.388649",CONTRACT_MASTER,VERIFIED,ASK: EMAIL; ASK: TRN,Location inherited from contract master (SL 22)
11573,Huraiz Rashed villa,,,,,,,,,,,,,0501022500,,,,,,NONE,NO_LOCATION,ASK: EMAIL; ASK: ADDRESS; ASK: TRN; ASK: EMIRATE/PLACE_OF_SUPPLY; ASK: LOCATION_PIN,
11574,HOME DEALS REAL ESTATE,,,,,,,,,,,info@homedeals.ae,,065738882,,,,,,NONE,NO_LOCATION,ASK: ADDRESS; ASK: TRN; ASK: EMIRATE/PLACE_OF_SUPPLY; ASK: LOCATION_PIN,
11575,THEATRICAL ASSOCIATION,,,,,,,,,Al Tawn,,,,,,,,,,NONE,NO_LOCATION,ASK: EMAIL; ASK: PHONE/MOBILE; ASK: TRN; ASK: EMIRATE/PLACE_OF_SUPPLY; ASK: LOCATION_PIN,
11576,TABASCO TECH CONT LLC,,,,,,,,,"Damas Building, Tabasco Tech Cont, 8th Floor",,,,+971554421505,100291596300003,,,,,NONE,NO_LOCATION,ASK: EMAIL; ASK: EMIRATE/PLACE_OF_SUPPLY; ASK: LOCATION_PIN,
11577,Cihan Coskun,,,,,,,,,"Damac Hills 2, Aquilegi Cluster",,,,+971525413926,,,,,,NONE,NO_LOCATION,ASK: EMAIL; ASK: TRN; ASK: EMIRATE/PLACE_OF_SUPPLY; ASK: LOCATION_PIN,
11578,Trends Research Centre,,,,,,,,,Donna Towers,,,,+971559824750,,,,,,NONE,NO_LOCATION,ASK: EMAIL; ASK: TRN; ASK: EMIRATE/PLACE_OF_SUPPLY; ASK: LOCATION_PIN,
11579,MR OBAID ESSA,,,,,,,,,Al Falah Villa,,,,+971506262777,,,,,,NONE,NO_LOCATION,ASK: EMAIL; ASK: TRN; ASK: EMIRATE/PLACE_OF_SUPPLY; ASK: LOCATION_PIN,
11581,AL KATAR SUPERMARKET,,,,,,Sharjah,Sharjah,Industrial Area 15,"Ind 15,Sharjah",,,,0551313877,,,25.311094,55.413447,"https://www.google.com/maps?q=25.311094,55.413447",AREA_CENTROID,AREA_APPROX,ASK: EMAIL; ASK: TRN,District-level coordinates only — capture exact pin on first visit
11582,Noor Al Huda Skill Training Centre,Noor Al Huda,,,,,,,,Meena Road,,,,,,,,,,NONE,NO_LOCATION,ASK: EMAIL; ASK: PHONE/MOBILE; ASK: TRN; ASK: EMIRATE/PLACE_OF_SUPPLY; ASK: LOCATION_PIN,
11583,FIC RESTAURANT L.L.C,Chilli's,,,1062/25,23,Sharjah,Sharjah,Muweilah Commercial,AL Marar,,,,,104402745400003,,25.316999,55.452767,"https://www.google.com/maps?q=25.316999,55.452767",CONTRACT_MASTER,UNVERIFIED,ASK: EMAIL; ASK: PHONE/MOBILE,Location inherited from contract master (SL 23)
11584,FISH ISLAND SEA RESTAURANT L.L.C,,,,,,,,,Al Majas Cornish Street,,,,0561891110,,,,,,NONE,NO_LOCATION,ASK: EMAIL; ASK: TRN; ASK: EMIRATE/PLACE_OF_SUPPLY; ASK: LOCATION_PIN,
11585,AL MANARAH AL MUDHIA CAFTERIA,,,,,,Sharjah,Sharjah,Al Nahda,Al Nahda,,,,0559561398,,,25.301355,55.37487,"https://www.google.com/maps?q=25.301355,55.374870",AREA_CENTROID,AREA_APPROX,ASK: EMAIL; ASK: TRN,District-level coordinates only — capture exact pin on first visit
11586,SUSH CORNER,,,,,,Sharjah,Sharjah,Muwaileh,Muwaileh,,,,0569933355,,,25.295924,55.486309,"https://www.google.com/maps?q=25.295924,55.486309",AREA_CENTROID,AREA_APPROX,ASK: EMAIL; ASK: TRN,District-level coordinates only — capture exact pin on first visit
11587,BOSPORUS,,,,,,Sharjah,Sharjah,Muwaileh,Al Jada,,,,,,,25.295924,55.486309,"https://www.google.com/maps?q=25.295924,55.486309",AREA_CENTROID,AREA_APPROX,ASK: EMAIL; ASK: PHONE/MOBILE; ASK: TRN,District-level coordinates only — capture exact pin on first visit
11588,Euroimmun Medical Diagnostics,,,,,,Dubai,Dubai,,"Bay Square Bldg.6,Office 205,, Business Bay",,g.sahlmueller@euroimmun.de,,+971507349599,,,25.2048,55.2708,"https://www.google.com/maps?q=25.204800,55.270800",AREA_CENTROID,AREA_APPROX,ASK: TRN,Emirate-level coordinates only — capture exact pin on first visit
11589,Capital Engineering Consultancy,,,,,,Sharjah,Sharjah,Abu Shagara,"Office 203,Sama 2 Tower,Abu Shagara",,,,0506525184,100202702500003,,25.336248,55.395397,"https://www.google.com/maps?q=25.336248,55.395397",AREA_CENTROID,AREA_APPROX,ASK: EMAIL,District-level coordinates only — capture exact pin on first visit
11591,Peritos Flame,,,,,,Sharjah,Sharjah,Al Nahda,"Abdul Azeez Building, Al Nahda 1",,,058744558,,,,25.301355,55.37487,"https://www.google.com/maps?q=25.301355,55.374870",AREA_CENTROID,AREA_APPROX,ASK: EMAIL; ASK: TRN,District-level coordinates only — capture exact pin on first visit
11592,Tea Junction,,,,,,Sharjah,Sharjah,Al Nahda,"Bori Building-7A St Near Subway, Al Nahda 2",,,048804428,,,,25.301355,55.37487,"https://www.google.com/maps?q=25.301355,55.374870",AREA_CENTROID,AREA_APPROX,ASK: EMAIL; ASK: TRN,District-level coordinates only — capture exact pin on first visit
11593,Sports Restaurant Cafe,,,,,,Dubai,Dubai,Al Nahda,"Al Nahda 1, Dubai",,,,,,,25.273208,55.369476,"https://www.google.com/maps?q=25.273208,55.369476",AREA_CENTROID,AREA_APPROX,ASK: EMAIL; ASK: PHONE/MOBILE; ASK: TRN,District-level coordinates only — capture exact pin on first visit
11594,Shaikha Amal Khalid Sultan Saqer Alqasimi,,,,,,Sharjah,Sharjah,Muwaileh,"Shop 5,Al Dheikha Bint Mohammedbnu S,, Maleha ,Muweilah,",,,,+97154755504,103072658000003,,25.295924,55.486309,"https://www.google.com/maps?q=25.295924,55.486309",AREA_CENTROID,AREA_APPROX,ASK: EMAIL,District-level coordinates only — capture exact pin on first visit
11595,AL FARAJ BUILDING -MUTHEENA,Mutheena,,,1103/25,50,Dubai,Dubai,Al Nahda 2,Mutheena,,,,0582843198,,,25.28971,55.377969,"https://www.google.com/maps?q=25.289710,55.377969",CONTRACT_MASTER,VERIFIED,ASK: EMAIL; ASK: TRN,Location inherited from contract master (SL 50)
11596,Sarah Ali Pharmacy LLC,,,,"1085/25, 1215/26","36, 158",Ajman,Ajman,Al Jerf,"Shop number 33-32 , Ajman",,,,,,,25.42525,55.502324,"https://www.google.com/maps?q=25.425250,55.502324",CONTRACT_MASTER,VERIFIED,ASK: EMAIL; ASK: PHONE/MOBILE; ASK: TRN,"Location inherited from contract master (SL 36, 158)"
11597,Maitha Mohammed Abdulla Saif Al Shamsi(Muwailah 3649),,MUWAILAH BUILDINGS GROUP,,,,,,,,,,,0526243143,,,,,,NONE,NO_LOCATION,ASK: EMAIL; ASK: ADDRESS; ASK: TRN; ASK: EMIRATE/PLACE_OF_SUPPLY; ASK: LOCATION_PIN,
11598,Hamad Ateeq Shames Ahmed Alameri YARMOOK BLDG,,YARMOOK BUILDINGS GROUP,,,,Sharjah,Sharjah,Al Yarmook,"Yarmook, Near School",,,,,,,25.350508,55.404911,"https://www.google.com/maps?q=25.350508,55.404911",AREA_CENTROID,AREA_APPROX,ASK: EMAIL; ASK: PHONE/MOBILE; ASK: TRN,District-level coordinates only — capture exact pin on first visit
11599,AZCB REAL ESTATE,,,,,,Dubai,Dubai,,"Lake central Tower, Office 1605,, Business Bay,Marasi Drive",,,,+971561774877,104639289800003,,25.2048,55.2708,"https://www.google.com/maps?q=25.204800,55.270800",AREA_CENTROID,AREA_APPROX,ASK: EMAIL,Emirate-level coordinates only — capture exact pin on first visit
11611,Ahmed Mishal,,,,,,,,,Eliyash Villa,,,,,,,,,,NONE,NO_LOCATION,ASK: EMAIL; ASK: PHONE/MOBILE; ASK: TRN; ASK: EMIRATE/PLACE_OF_SUPPLY; ASK: LOCATION_PIN,
11612,Holiday Factory Package Tours LLC,,,,,,Dubai,Dubai,,"Omniyath-2802, Business Bay",,,,,,,25.2048,55.2708,"https://www.google.com/maps?q=25.204800,55.270800",AREA_CENTROID,AREA_APPROX,ASK: EMAIL; ASK: PHONE/MOBILE; ASK: TRN,Emirate-level coordinates only — capture exact pin on first visit
11613,AL YASSAT REAL ESTATE MANAGEMENT,,,,,,,,,Al Majas,,,,+971506115844,,,,,,NONE,NO_LOCATION,ASK: EMAIL; ASK: TRN; ASK: EMIRATE/PLACE_OF_SUPPLY; ASK: LOCATION_PIN,
11614,Royal Treat Catering Services,,,,1220/26,163,Dubai,Dubai,Dubai Investments Park,,,,,,,,24.972731,55.19061,"https://www.google.com/maps?q=24.972731,55.190610",CONTRACT_MASTER,VERIFIED,ASK: EMAIL; ASK: PHONE/MOBILE; ASK: ADDRESS; ASK: TRN,Location inherited from contract master (SL 163)
11615,RUKN AL RAHA LADIES SALON,,,,1088/25,39,Sharjah,Sharjah,Albade'i,"Hawshi,Sharjah",,,,,,,25.250695,55.534592,"https://www.google.com/maps?q=25.250695,55.534592",CONTRACT_MASTER,VERIFIED,ASK: EMAIL; ASK: PHONE/MOBILE; ASK: TRN,Location inherited from contract master (SL 39)
11616,Artisan Bakers,,,,,,Dubai,Dubai,,"Damascus Street, Al Qusais",,,,,,,25.2048,55.2708,"https://www.google.com/maps?q=25.204800,55.270800",AREA_CENTROID,AREA_APPROX,ASK: EMAIL; ASK: PHONE/MOBILE; ASK: TRN,Emirate-level coordinates only — capture exact pin on first visit
11617,Mohammad Saheb,,,,,,Dubai,Dubai,,Building Name : Zunurud MOE Al Barsha,,,,,,,25.2048,55.2708,"https://www.google.com/maps?q=25.204800,55.270800",AREA_CENTROID,AREA_APPROX,ASK: EMAIL; ASK: PHONE/MOBILE; ASK: TRN,Emirate-level coordinates only — capture exact pin on first visit
11618,TAREEQ AL HANA GROCERY,,,,1102/25,49,Sharjah,Sharjah,Al Sharq,Butheena,,,,0548884042,,,25.374147,55.398079,"https://www.google.com/maps?q=25.374147,55.398079",CONTRACT_MASTER,VERIFIED,ASK: EMAIL; ASK: TRN,Location inherited from contract master (SL 49)
11619,Solomia Home Furniture Trading Co LLC,,,,,,Dubai,Dubai,,"Shop TDMZE LGM 003, Dubai Mall, Zabeel Second",,,,0521491164,104066185000003,,25.2048,55.2708,"https://www.google.com/maps?q=25.204800,55.270800",AREA_CENTROID,AREA_APPROX,ASK: EMAIL,Emirate-level coordinates only — capture exact pin on first visit
11621,Al-Hazzaa Building Contracting Company – L.L.C.,,,,,,,,,"Al Mahta, Plot No : A_227",,,,+971504703316,,,,,,NONE,NO_LOCATION,ASK: EMAIL; ASK: TRN; ASK: EMIRATE/PLACE_OF_SUPPLY; ASK: LOCATION_PIN,
11622,Tea Oasis Cafe,,,,,,Sharjah,Sharjah,Muwaileh,Muwaileh,,,,0552891727,,,25.295924,55.486309,"https://www.google.com/maps?q=25.295924,55.486309",AREA_CENTROID,AREA_APPROX,ASK: EMAIL; ASK: TRN,District-level coordinates only — capture exact pin on first visit
11623,GERMAN PRINTING PRESS LLC,,,,,,Sharjah,Sharjah,Industrial Area 15,"National Paint,Industrial Area 15",,,,+971557316738,100375940200003,,25.311094,55.413447,"https://www.google.com/maps?q=25.311094,55.413447",AREA_CENTROID,AREA_APPROX,ASK: EMAIL,District-level coordinates only — capture exact pin on first visit
11624,Petroserve International,,,,,,,,,"5th Floor,Head Quarter Building,DSO",,,,,,,,,,NONE,NO_LOCATION,ASK: EMAIL; ASK: PHONE/MOBILE; ASK: TRN; ASK: EMIRATE/PLACE_OF_SUPPLY; ASK: LOCATION_PIN,
11625,HONORE BAKEHOUSE,,,,,,Sharjah,Sharjah,,"Commercuial Muwaleh, Sharjah",,,,+971561255045,,,25.3463,55.4209,"https://www.google.com/maps?q=25.346300,55.420900",AREA_CENTROID,AREA_APPROX,ASK: EMAIL; ASK: TRN,Emirate-level coordinates only — capture exact pin on first visit
11626,MERINT LLC,,,,1107/25,54,Dubai,Dubai,Dubai Investment Park 1,"Merint,Dip 1,Near Nmc,, Dubai",,,+97148833131,,100325382800003,,24.998306,55.151253,"https://www.google.com/maps?q=24.998306,55.151253",CONTRACT_MASTER,VERIFIED,ASK: EMAIL,Location inherited from contract master (SL 54)
11627,Bait AlMualimGrill Restaurant,,,,,,,,,Butheena,,,,,,,,,,NONE,NO_LOCATION,ASK: EMAIL; ASK: PHONE/MOBILE; ASK: TRN; ASK: EMIRATE/PLACE_OF_SUPPLY; ASK: LOCATION_PIN,
11628,Arun,,,,,,,,,"Salama Tower, Apt No :301, Al Majas",,,,+971552242610,,,,,,NONE,NO_LOCATION,ASK: EMAIL; ASK: TRN; ASK: EMIRATE/PLACE_OF_SUPPLY; ASK: LOCATION_PIN,
11629,MUMTAZ HYPER MARKET L.L.C,,,,,,Sharjah,Sharjah,Al Nad,"Al Nad Al Qasimiya,, Sharjah,King Faisal Street,Office 1st Floor",,,,0506927299,,,25.343644,55.389603,"https://www.google.com/maps?q=25.343644,55.389603",AREA_CENTROID,AREA_APPROX,ASK: EMAIL; ASK: TRN,District-level coordinates only — capture exact pin on first visit
11631,AL BUSTAN BACKERY & SWEETS LLC,,,,,,Sharjah,Sharjah,Industrial Area 3,Amman Street-Al Quasis Ind 3,,,,+971504736412,,,25.323377,55.393328,"https://www.google.com/maps?q=25.323377,55.393328",AREA_CENTROID,AREA_APPROX,ASK: EMAIL; ASK: TRN,District-level coordinates only — capture exact pin on first visit
11632,COOK & CO,,,,,,Sharjah,Sharjah,Industrial Area 3,Amman Street-Al Quasis Ind 3,,,,+971504736412,,,25.323377,55.393328,"https://www.google.com/maps?q=25.323377,55.393328",AREA_CENTROID,AREA_APPROX,ASK: EMAIL; ASK: TRN,District-level coordinates only — capture exact pin on first visit
11633,SHIFA AL JAZEERA MEDICAL CENTRE(MUWAILEH BRANCH),,SHIFA AL JAZEERA GROUP,,,,Sharjah,Sharjah,Muwaileh,"Shop No 4- Office No 1 Ibrahim Mohammed Al Madfa Steet, Al Mussalla, Muweilah",,,,+971569983606,104990510000003,,25.295924,55.486309,"https://www.google.com/maps?q=25.295924,55.486309",AREA_CENTROID,AREA_APPROX,ASK: EMAIL,District-level coordinates only — capture exact pin on first visit
11634,APEX RESTAURANT,Pancake House,,,,,,,,"Shop No.G/0002B-Menkhol, Burjuman",,,,+971504493592,,,,,,NONE,NO_LOCATION,ASK: EMAIL; ASK: TRN; ASK: EMIRATE/PLACE_OF_SUPPLY; ASK: LOCATION_PIN,
11635,APEX RESTAURANT -(Pancake House),Pancake House,,,,,Dubai,Dubai,,Al Barsha,,,,+971504493592,,,25.2048,55.2708,"https://www.google.com/maps?q=25.204800,55.270800",AREA_CENTROID,AREA_APPROX,ASK: EMAIL; ASK: TRN,Emirate-level coordinates only — capture exact pin on first visit
11636,DURAT AL KHALEEK FOOD STUFF CATERING & HOSPITALITY SERVICES,,,,,,,,,Saja,,,,0588489131,,,,,,NONE,NO_LOCATION,ASK: EMAIL; ASK: TRN; ASK: EMIRATE/PLACE_OF_SUPPLY; ASK: LOCATION_PIN,
11637,NEW GENERATION FOOD SUPPLEMENT TRADING,,,,,,Sharjah,Sharjah,Muwaileh,"SHJ.- MUWAILEH, SHARJAH",,,0506454577,0506454577,,Low,25.295924,55.486309,"https://www.google.com/maps?q=25.295924,55.486309",AREA_CENTROID,AREA_APPROX,ASK: EMAIL; ASK: TRN,District-level coordinates only — capture exact pin on first visit
11638,GOLD CENTER BUILDING,,,,,,Sharjah,Sharjah,Al Yarmook,Al Yarmook,,mokhles@goldcenter.ae,0503678861,,,,25.350508,55.404911,"https://www.google.com/maps?q=25.350508,55.404911",AREA_CENTROID,AREA_APPROX,ASK: TRN,District-level coordinates only — capture exact pin on first visit
11639,DABABIS GROCERY,,,,1114/26,59,Sharjah,Sharjah,Industrial Area 6,"IND 6, SHARJAH",,,,,,,25.323247,55.415754,"https://www.google.com/maps?q=25.323247,55.415754",CONTRACT_MASTER,VERIFIED,ASK: EMAIL; ASK: PHONE/MOBILE; ASK: TRN,Location inherited from contract master (SL 59)
11641,MASAR BODY BUILDING,,,,1115/26,60,Sharjah,Sharjah,Industrial Area,SHARJAH,,,,,,Low,25.328588,55.396234,"https://www.google.com/maps?q=25.328588,55.396234",CONTRACT_MASTER,VERIFIED,ASK: EMAIL; ASK: PHONE/MOBILE; ASK: TRN,Location inherited from contract master (SL 60)
11642,GREEN ROOM DECOR CONT LLC,,,,,,,,,"Office No 3,First Floor,Behind Al Istiklal Street,, Yarmuk",,,,0529066501,,,,,,NONE,NO_LOCATION,ASK: EMAIL; ASK: TRN; ASK: EMIRATE/PLACE_OF_SUPPLY; ASK: LOCATION_PIN,
11643,Rahal General Enterprises FZE,,,,,,Sharjah,Sharjah,Al Hamriyah,SHJ-HAMRIYA,,,,,,,25.456513,55.513359,"https://www.google.com/maps?q=25.456513,55.513359",AREA_CENTROID,AREA_APPROX,ASK: EMAIL; ASK: PHONE/MOBILE; ASK: TRN,District-level coordinates only — capture exact pin on first visit
11644,RUKN ALQAHWA CAFETERIA,,,,1120/26,64,Sharjah,Sharjah,Al Gharb,,,,,,,,25.355054,55.386853,"https://www.google.com/maps?q=25.355054,55.386853",CONTRACT_MASTER,VERIFIED,ASK: EMAIL; ASK: PHONE/MOBILE; ASK: ADDRESS; ASK: TRN,Location inherited from contract master (SL 64)
11645,AYES ABDULRAHMAN,,,,1121/26,65,Sharjah,Sharjah,Industrial Area 11,,,,,,,,25.311094,55.413447,"https://www.google.com/maps?q=25.311094,55.413447",CONTRACT_MASTER,AREA_APPROX,ASK: EMAIL; ASK: PHONE/MOBILE; ASK: ADDRESS; ASK: TRN,Location inherited from contract master (SL 65)
11646,JUNE 11 BUILDING,,,,1124/26,68,Sharjah,Sharjah,Al Sharq,"Bldg No : 639,Butheena",,,,+971542329386,,,25.3751,55.401854,"https://www.google.com/maps?q=25.375100,55.401854",CONTRACT_MASTER,UNVERIFIED,ASK: EMAIL; ASK: TRN,Location inherited from contract master (SL 68)
11647,VKM KALARI TRADITIONAL MARTIAL ARTS CLUB  LLC.SHJ .BR,,VKM KALARI GROUP,,"1122/26, 1123/26","67, 66",Sharjah,Sharjah,Al Mahatah,SHJ- ALMAHATTA -SHARJAH,,,,,,,25.307813,55.458238,"https://www.google.com/maps?q=25.307813,55.458238",CONTRACT_MASTER,VERIFIED,ASK: EMAIL; ASK: PHONE/MOBILE; ASK: TRN,"Location inherited from contract master (SL 67, 66)"
11648,VKM KALARI TRADITIONAL MARTIAL ARTS CLUB  LLC.SHJ .BR -BRANCH 1,SHJ-MUWAILEH,VKM KALARI GROUP,,1123/26,67,Sharjah,Sharjah,Sharjah,,,,,,,,25.307813,55.458238,"https://www.google.com/maps?q=25.307813,55.458238",CONTRACT_MASTER,VERIFIED,ASK: EMAIL; ASK: PHONE/MOBILE; ASK: ADDRESS; ASK: TRN,Location inherited from contract master (SL 67)
11649,BASMA ABDALLA MURAD ALI AL MAAZMI & PARTNERS (Muwailah Bldg 1601),,,,,,Sharjah,Sharjah,Muwaileh,Muwailah Bldg 1601,,,+971507856770,,,,25.295924,55.486309,"https://www.google.com/maps?q=25.295924,55.486309",AREA_CENTROID,AREA_APPROX,ASK: EMAIL; ASK: TRN,District-level coordinates only — capture exact pin on first visit
11651,COMFORT REAL ESTATE,,,,,,Sharjah,Sharjah,Muwaileh,"Muwailah 2147, Near Nujoom Al Hamriya Grocery",,,,+971506265509,,,25.295924,55.486309,"https://www.google.com/maps?q=25.295924,55.486309",AREA_CENTROID,AREA_APPROX,ASK: EMAIL; ASK: TRN,District-level coordinates only — capture exact pin on first visit
11652,JUN 11 BUILDING,,,,1124/26,68,Sharjah,Sharjah,Al Sharq,"Bldg No : 639,Butheena",,,,+971542329386,,,25.3751,55.401854,"https://www.google.com/maps?q=25.375100,55.401854",CONTRACT_MASTER,UNVERIFIED,ASK: EMAIL; ASK: TRN,Location inherited from contract master (SL 68)
11653,LA VOGUE EXPERTS POLY CLINIC L.L.C,,,,1125/26,69,Dubai,Dubai,Umm Suqeim 2,,,,,,,,25.150122,55.210134,"https://www.google.com/maps?q=25.150122,55.210134",CONTRACT_MASTER,VERIFIED,ASK: EMAIL; ASK: PHONE/MOBILE; ASK: ADDRESS; ASK: TRN,Location inherited from contract master (SL 69)
11654,First Class Holiday Homes,,,,,,,,,"Royal Breeze,Tower 2, Apt No : 507",,,,0522359308,,,,,,NONE,NO_LOCATION,ASK: EMAIL; ASK: TRN; ASK: EMIRATE/PLACE_OF_SUPPLY; ASK: LOCATION_PIN,
11655,TAWLAT AL JERAN RESTAURANT L.L.C,,,,1128/26,72,Sharjah,Sharjah,Al Nahda,,,,,,,,25.301355,55.37487,"https://www.google.com/maps?q=25.301355,55.374870",CONTRACT_MASTER,AREA_APPROX,ASK: EMAIL; ASK: PHONE/MOBILE; ASK: ADDRESS; ASK: TRN,Location inherited from contract master (SL 72)
11656,CORNICHE HOTEL SHARJAH,,,,,,,,,"Al Majas,Corniche Al Buhaira Street, Behind Ahmed Khalaf Al Otaiba",,CHS.QHS@corniche-hotels.com,+971528244666,,,,,,,NONE,NO_LOCATION,ASK: TRN; ASK: EMIRATE/PLACE_OF_SUPPLY; ASK: LOCATION_PIN,
11657,SHARJAH SPECIALIST MEDICAL CENTER LLC,,,,,,Sharjah,Sharjah,Muwaileh,Abc Muwailah,,,,+971555472783,100536291600003,,25.295924,55.486309,"https://www.google.com/maps?q=25.295924,55.486309",AREA_CENTROID,AREA_APPROX,ASK: EMAIL,District-level coordinates only — capture exact pin on first visit
11658,BUHAIRAT ADEN CAFETRIA,,,,1130/26,74,Sharjah,Sharjah,Al Sharq,,,,,,,,25.369711,55.406289,"https://www.google.com/maps?q=25.369711,55.406289",CONTRACT_MASTER,VERIFIED,ASK: EMAIL; ASK: PHONE/MOBILE; ASK: ADDRESS; ASK: TRN,Location inherited from contract master (SL 74)
11659,MONTYS FOODS KITCHEN CO L.L.C,,,,,,Dubai,Dubai,,"Al Quos,Kitchen, Dubai",,,,+971555466399,104276234200003,,25.2048,55.2708,"https://www.google.com/maps?q=25.204800,55.270800",AREA_CENTROID,AREA_APPROX,ASK: EMAIL,Emirate-level coordinates only — capture exact pin on first visit
11661,SHAMA GROCERY,,,,1132/26,76,Sharjah,Sharjah,Al Sajaa,,,,,,,,25.308506,55.633524,"https://www.google.com/maps?q=25.308506,55.633524",CONTRACT_MASTER,UNVERIFIED,ASK: EMAIL; ASK: PHONE/MOBILE; ASK: ADDRESS; ASK: TRN,Location inherited from contract master (SL 76)
11662,SULTAN AL ARAB RESTAURANT L.L.C (Al Barsha),AL BARSHA,SULTAN ALARAB GROUP,,,,Dubai,Dubai,,Al Barsha-Shop No 2,,,,+971555466399,104774977300003,,25.2048,55.2708,"https://www.google.com/maps?q=25.204800,55.270800",AREA_CENTROID,AREA_APPROX,ASK: EMAIL,Emirate-level coordinates only — capture exact pin on first visit
11663,SULTHAN AL ARAB RESTUARANT(Business Bay),Business Bay,,,,,Dubai,Dubai,,Business Bay,,,,+971555466399,104774977300003,,25.2048,55.2708,"https://www.google.com/maps?q=25.204800,55.270800",AREA_CENTROID,AREA_APPROX,ASK: EMAIL,Emirate-level coordinates only — capture exact pin on first visit
11664,SULTHAN AL ARAB RESTUARANT (Manipal),Manipal-Dubai,,,,,Dubai,Dubai,,"Manipal,Dubai",,,,+971555466399,104774977300003,,25.2048,55.2708,"https://www.google.com/maps?q=25.204800,55.270800",AREA_CENTROID,AREA_APPROX,ASK: EMAIL,Emirate-level coordinates only — capture exact pin on first visit
11665,SULTHAN AL ARAB RESTUARANT(Al Qusais Branch),Al Qusais,,,,,Dubai,Dubai,,Al Qusais,,,,+971555466399,104774977300003,,25.2048,55.2708,"https://www.google.com/maps?q=25.204800,55.270800",AREA_CENTROID,AREA_APPROX,ASK: EMAIL,Emirate-level coordinates only — capture exact pin on first visit
11666,SAJA SPA FOR MEN PER PERSON COMPANY.LLC,,,,,,,,,,,,,,,,,,,NONE,NO_LOCATION,ASK: EMAIL; ASK: PHONE/MOBILE; ASK: ADDRESS; ASK: TRN; ASK: EMIRATE/PLACE_OF_SUPPLY; ASK: LOCATION_PIN,
11667,ML STAR DECORATION WORKS,,,,,,Umm Al Quwain,Umm Al Quwain,,Umm Al Quwain,,,,+971568580009,,,25.5647,55.5532,"https://www.google.com/maps?q=25.564700,55.553200",AREA_CENTROID,AREA_APPROX,ASK: EMAIL; ASK: TRN,Emirate-level coordinates only — capture exact pin on first visit
11668,"H B S L, SAFAD BUILDING",,,,1137/26,81,Sharjah,Sharjah,Bu Tina,,,,,,,,25.371034,55.401896,"https://www.google.com/maps?q=25.371034,55.401896",CONTRACT_MASTER,AREA_APPROX,ASK: EMAIL; ASK: PHONE/MOBILE; ASK: ADDRESS; ASK: TRN,Location inherited from contract master (SL 81)
11669,QREW BILLIARD & POOL ROOM L.L.C,,,,1216/26,159,Sharjah,Sharjah,Al Dhaid,"Inside the Dhaid Mall, Dhaid",,,,0553556609,,,25.289029,55.347774,"https://www.google.com/maps?q=25.289029,55.347774",CONTRACT_MASTER,VERIFIED,ASK: EMAIL; ASK: TRN,Location inherited from contract master (SL 159)
11671,AWAEL PRINTING PRESS L.L.C,,,,1140/26,84,Ajman,Ajman,New Industrial,"Near Ajman Industrial Police station, Beiryt St Ajman",,,,+971504824536,,,25.375203,55.481941,"https://www.google.com/maps?q=25.375203,55.481941",CONTRACT_MASTER,VERIFIED,ASK: EMAIL; ASK: TRN,Location inherited from contract master (SL 84)
11672,Ghazal Muwaileh Hairdressing Salon,,,,,,,,,,,,,,,,,,,NONE,NO_LOCATION,ASK: EMAIL; ASK: PHONE/MOBILE; ASK: ADDRESS; ASK: TRN; ASK: EMIRATE/PLACE_OF_SUPPLY; ASK: LOCATION_PIN,
11673,RAWDHAT AL JAMAL BEAUTY CENTER-BRANCH1,,,,1144/26,88,Sharjah,Sharjah,Muwaileh Commercial,,,,,,,,25.310899,55.457645,"https://www.google.com/maps?q=25.310899,55.457645",CONTRACT_MASTER,UNVERIFIED,ASK: EMAIL; ASK: PHONE/MOBILE; ASK: ADDRESS; ASK: TRN,Location inherited from contract master (SL 88)
11674,AL HIKMA REAL ESTATE,,,,,,Ajman,Ajman,,Ajman,,,,0557963146,,,25.4052,55.5136,"https://www.google.com/maps?q=25.405200,55.513600",AREA_CENTROID,AREA_APPROX,ASK: EMAIL; ASK: TRN,Emirate-level coordinates only — capture exact pin on first visit
11675,MOHAMED ALHASOUN MEDICAL CENTER LLC,,,,1054/25,18,Sharjah,Sharjah,Al Khan,Al Kasba,,,,0503751572,104067448100003,,25.324518,55.375133,"https://www.google.com/maps?q=25.324518,55.375133",CONTRACT_MASTER,VERIFIED,ASK: EMAIL,Location inherited from contract master (SL 18)
11676,URBAN SANDWICH SHOP DMCC,,,,,,Dubai,Dubai,,"1 Lake Plaza,Plot No .JLT-PH2-T2A, Jumeirah Lakes Towers",,,+97143479696,,100074828300003,,25.2048,55.2708,"https://www.google.com/maps?q=25.204800,55.270800",AREA_CENTROID,AREA_APPROX,ASK: EMAIL,Emirate-level coordinates only — capture exact pin on first visit
11677,SHIFA AL JAZEERA MEDICAL CENTER -BRANCH1,,SHIFA AL JAZEERA GROUP,,,,,,,,,,,,,,,,,NONE,NO_LOCATION,ASK: EMAIL; ASK: PHONE/MOBILE; ASK: ADDRESS; ASK: TRN; ASK: EMIRATE/PLACE_OF_SUPPLY; ASK: LOCATION_PIN,
11678,GOLDEN WORLD GENT SALON,,,,1148/26,91,Sharjah,Sharjah,Al Mahatah,,,,,,,,25.349383,55.392772,"https://www.google.com/maps?q=25.349383,55.392772",CONTRACT_MASTER,AREA_APPROX,ASK: EMAIL; ASK: PHONE/MOBILE; ASK: ADDRESS; ASK: TRN,Location inherited from contract master (SL 91)
11679,ALI ALSHAMSI BUILDING,,,,,,,,,,,,,,,,,,,NONE,NO_LOCATION,ASK: EMAIL; ASK: PHONE/MOBILE; ASK: ADDRESS; ASK: TRN; ASK: EMIRATE/PLACE_OF_SUPPLY; ASK: LOCATION_PIN,
11681,ALSADAF AL AHMAR RES LLC SOLE PROPRIETORSHIP,,,,,,,,,,,,,,,,,,,NONE,NO_LOCATION,ASK: EMAIL; ASK: PHONE/MOBILE; ASK: ADDRESS; ASK: TRN; ASK: EMIRATE/PLACE_OF_SUPPLY; ASK: LOCATION_PIN,
11682,MALLAH AL FREEJ CAFETERIA,,,,1152/26,95,Sharjah,Sharjah,Muwaileh Commercial,,,,,,,,25.307715,55.465156,"https://www.google.com/maps?q=25.307715,55.465156",CONTRACT_MASTER,UNVERIFIED,ASK: EMAIL; ASK: PHONE/MOBILE; ASK: ADDRESS; ASK: TRN,Location inherited from contract master (SL 95)
11683,ALZAN BUILDING MATERIALS TRADING LLC,,,,,,Ajman,Ajman,,Ajman,,,,0562197420,,,25.4052,55.5136,"https://www.google.com/maps?q=25.405200,55.513600",AREA_CENTROID,AREA_APPROX,ASK: EMAIL; ASK: TRN,Emirate-level coordinates only — capture exact pin on first visit
11684,ALI OBAID ALI AL GHAZAL AL SHAMSI,ALI OBAID ALI GHAZAL AL SHAMSI,,,,,Sharjah,Sharjah,,"GULAYA BUILDING, SHARJAH",,,0555644654,,,Medium,25.3463,55.4209,"https://www.google.com/maps?q=25.346300,55.420900",AREA_CENTROID,AREA_APPROX,ASK: EMAIL; ASK: TRN,Emirate-level coordinates only — capture exact pin on first visit
11685,AL MUKHADRAM BODY BUILDING GYM,,,", ,",,,,,,,,,,,,,,,,NONE,NO_LOCATION,ASK: EMAIL; ASK: PHONE/MOBILE; ASK: ADDRESS; ASK: TRN; ASK: EMIRATE/PLACE_OF_SUPPLY; ASK: LOCATION_PIN,
11686,TAREEQ AL SAHRA CAFETERIA,,,,,,,,,,,,,,,,,,,NONE,NO_LOCATION,ASK: EMAIL; ASK: PHONE/MOBILE; ASK: ADDRESS; ASK: TRN; ASK: EMIRATE/PLACE_OF_SUPPLY; ASK: LOCATION_PIN,
11687,YANABEE ALWAHA REST.LLC,,,,,,,,,,,,,,,,,,,NONE,NO_LOCATION,ASK: EMAIL; ASK: PHONE/MOBILE; ASK: ADDRESS; ASK: TRN; ASK: EMIRATE/PLACE_OF_SUPPLY; ASK: LOCATION_PIN,
11688,MEAL PREPARATION AND  HOSPITALITY SERVICES,,,,,,,,,,,,,,,,,,,NONE,NO_LOCATION,ASK: EMAIL; ASK: PHONE/MOBILE; ASK: ADDRESS; ASK: TRN; ASK: EMIRATE/PLACE_OF_SUPPLY; ASK: LOCATION_PIN,
11689,OLD CAF - SHJ. BR,,,,1159/26,101,Sharjah,Sharjah,Sharjah,,,,,,,,25.309202,55.45928,"https://www.google.com/maps?q=25.309202,55.459280",CONTRACT_MASTER,VERIFIED,ASK: EMAIL; ASK: PHONE/MOBILE; ASK: ADDRESS; ASK: TRN,Location inherited from contract master (SL 101)
11691,ALMAKHMAL FOOD STUFF TR.,,,,1160/26,102,Sharjah,Sharjah,Bu Tina,,,,,,,,25.371034,55.401896,"https://www.google.com/maps?q=25.371034,55.401896",CONTRACT_MASTER,AREA_APPROX,ASK: EMAIL; ASK: PHONE/MOBILE; ASK: ADDRESS; ASK: TRN,Location inherited from contract master (SL 102)
11692,Ali Mohammed Mehdi Mohammed (TOPAZ Building),TOPAZ Building,,,,,Sharjah,Sharjah,Abu Shagara,Abushagara,,,,,,,25.336248,55.395397,"https://www.google.com/maps?q=25.336248,55.395397",AREA_CENTROID,AREA_APPROX,ASK: EMAIL; ASK: PHONE/MOBILE; ASK: TRN,District-level coordinates only — capture exact pin on first visit
11693,Wall to wall general contracting,Al Ghuwair,,,,,Sharjah,Sharjah,Al Ghuwair,Al Ghuwair (pakistani sweets),,,,,,,25.304994,55.38795,"https://www.google.com/maps?q=25.304994,55.387950",AREA_CENTROID,AREA_APPROX,ASK: EMAIL; ASK: PHONE/MOBILE; ASK: TRN,District-level coordinates only — capture exact pin on first visit
11694,Ali Abdualrazagh,Sharcon Real Estate,,,,,Sharjah,Sharjah,Muwaileh,"8F74+2MW, Muweilah Commercial, Sharjah industrial",,,0566029414,,,,25.295924,55.486309,"https://www.google.com/maps?q=25.295924,55.486309",AREA_CENTROID,AREA_APPROX,ASK: EMAIL; ASK: TRN,District-level coordinates only — capture exact pin on first visit
11695,JABAL AL KHOOR GROCERY,,,",",1161/26,103,Sharjah,Sharjah,Industrial Area 2,,,,,,,,25.311094,55.413447,"https://www.google.com/maps?q=25.311094,55.413447",CONTRACT_MASTER,AREA_APPROX,ASK: EMAIL; ASK: PHONE/MOBILE; ASK: ADDRESS; ASK: TRN,Location inherited from contract master (SL 103)
11696,DUNES TOWER,,,,1162/26,104,Sharjah,Sharjah,Al Nahda,,,,,,,,25.301537,55.373628,"https://www.google.com/maps?q=25.301537,55.373628",CONTRACT_MASTER,VERIFIED,ASK: EMAIL; ASK: PHONE/MOBILE; ASK: ADDRESS; ASK: TRN,Location inherited from contract master (SL 104)
11697,ALQASIMIA HOUSE,,,,1163/26,105,Sharjah,Sharjah,Al Qasimia,,,,,,,,25.341179,55.395932,"https://www.google.com/maps?q=25.341179,55.395932",CONTRACT_MASTER,AREA_APPROX,ASK: EMAIL; ASK: PHONE/MOBILE; ASK: ADDRESS; ASK: TRN,Location inherited from contract master (SL 105)
11698,Humaid Bin Butty,Building no 2341,,,,,,,,,,,,,,,,,,NONE,NO_LOCATION,ASK: EMAIL; ASK: PHONE/MOBILE; ASK: ADDRESS; ASK: TRN; ASK: EMIRATE/PLACE_OF_SUPPLY; ASK: LOCATION_PIN,
11699,Al Jazzat Real Estate,,,,,,Sharjah,Sharjah,Al Musalla,"Al Naqabi Building,Ibrahim Mohammed Al Madfa St - Al Mussalla - Sharjah",,,,,,,25.06212,56.352787,"https://www.google.com/maps?q=25.062120,56.352787",AREA_CENTROID,AREA_APPROX,ASK: EMAIL; ASK: PHONE/MOBILE; ASK: TRN,District-level coordinates only — capture exact pin on first visit
11711,AAM Properties L.L.C,,,,,,Dubai,Dubai,,"M8, K5 Building , Deira",,,,,,,25.2048,55.2708,"https://www.google.com/maps?q=25.204800,55.270800",AREA_CENTROID,AREA_APPROX,ASK: EMAIL; ASK: PHONE/MOBILE; ASK: TRN,Emirate-level coordinates only — capture exact pin on first visit
11712,Hamad Muhair Abdulla Saeed Alketbi (Muweilah 2268),,,,,,,,,Muweila,,,,,,,,,,NONE,NO_LOCATION,ASK: EMAIL; ASK: PHONE/MOBILE; ASK: TRN; ASK: EMIRATE/PLACE_OF_SUPPLY; ASK: LOCATION_PIN,
11713,SAEED ABDULLA MUFTAH ALKHATERI,,,,1175/26,119,Sharjah,Sharjah,Al Musalla,,,,,,,,25.06212,56.352787,"https://www.google.com/maps?q=25.062120,56.352787",CONTRACT_MASTER,AREA_APPROX,ASK: EMAIL; ASK: PHONE/MOBILE; ASK: ADDRESS; ASK: TRN,Location inherited from contract master (SL 119)
11714,FATIMA SULTAN SAIF ALMIDFA & PARTNERS (BUTINA BLDG),,,,,,,,,,,,,,,,,,,NONE,NO_LOCATION,ASK: EMAIL; ASK: PHONE/MOBILE; ASK: ADDRESS; ASK: TRN; ASK: EMIRATE/PLACE_OF_SUPPLY; ASK: LOCATION_PIN,
11715,Majd Alowis (Muweilah Bldg 2590),,,,,,,,,,,,,,,,,,,NONE,NO_LOCATION,ASK: EMAIL; ASK: PHONE/MOBILE; ASK: ADDRESS; ASK: TRN; ASK: EMIRATE/PLACE_OF_SUPPLY; ASK: LOCATION_PIN,
11716,FAISAL TOWER,,,,1164/26,106,Sharjah,Sharjah,Al Nahda,,,,,,,,25.305668,55.379322,"https://www.google.com/maps?q=25.305668,55.379322",CONTRACT_MASTER,VERIFIED,ASK: EMAIL; ASK: PHONE/MOBILE; ASK: ADDRESS; ASK: TRN,Location inherited from contract master (SL 106)
11717,ALWARDH ALSAFRA SUPERMARKET LLC.S.P,,,,1166/26,108,Sharjah,Sharjah,Industrial Area 4,,,,,,,,25.311094,55.413447,"https://www.google.com/maps?q=25.311094,55.413447",CONTRACT_MASTER,AREA_APPROX,ASK: EMAIL; ASK: PHONE/MOBILE; ASK: ADDRESS; ASK: TRN,Location inherited from contract master (SL 108)
11718,AL MANARA ALJAMELA GROCERY,,,,1167/26,109,Sharjah,Sharjah,Al Yarmook,,,,,,,,25.350508,55.404911,"https://www.google.com/maps?q=25.350508,55.404911",CONTRACT_MASTER,AREA_APPROX,ASK: EMAIL; ASK: PHONE/MOBILE; ASK: ADDRESS; ASK: TRN,Location inherited from contract master (SL 109)
11719,Raef Mahmoud Ahmad Al Kilani,,,,,,Sharjah,Sharjah,Al Yarmook,"Yarmook , Sharjah",,,+971506527611,+971506527611,,,25.350508,55.404911,"https://www.google.com/maps?q=25.350508,55.404911",AREA_CENTROID,AREA_APPROX,ASK: EMAIL; ASK: TRN,District-level coordinates only — capture exact pin on first visit
11721,Youssef Ahmed Al-Zarouni[Office Building],,,,,,,,,Sajah 1,,,,,,,,,,NONE,NO_LOCATION,ASK: EMAIL; ASK: PHONE/MOBILE; ASK: TRN; ASK: EMIRATE/PLACE_OF_SUPPLY; ASK: LOCATION_PIN,
11722,Hussein Issa Al-Shiri [labor camp building,,,,,,,,,Al Sajah 2,,,,,,,,,,NONE,NO_LOCATION,ASK: EMAIL; ASK: PHONE/MOBILE; ASK: TRN; ASK: EMIRATE/PLACE_OF_SUPPLY; ASK: LOCATION_PIN,
11723,Ali Al-Abdouli [Naba'a & Qali'ah building owners],,,,,,,,,,,,,,,,,,,NONE,NO_LOCATION,ASK: EMAIL; ASK: PHONE/MOBILE; ASK: ADDRESS; ASK: TRN; ASK: EMIRATE/PLACE_OF_SUPPLY; ASK: LOCATION_PIN,
11724,Abdulaziz Saud Al-Babtain.[Umm al tarafa],,,,,,Sharjah,Sharjah,Umm Al Tarafa,Umm Al Tarafa,,,,,,,25.3542,55.3946,"https://www.google.com/maps?q=25.354200,55.394600",AREA_CENTROID,AREA_APPROX,ASK: EMAIL; ASK: PHONE/MOBILE; ASK: TRN,District-level coordinates only — capture exact pin on first visit
11725,HAROON ENG MAT MARKETING,HAROON ENG MAT MARKETING,,,,,Sharjah,Sharjah,Industrial Area 4,"Ind 4, I nd 4, Sharjah ind  Area 4",,,+971563278261,+971563278261,,,25.311094,55.413447,"https://www.google.com/maps?q=25.311094,55.413447",AREA_CENTROID,AREA_APPROX,ASK: EMAIL; ASK: TRN,District-level coordinates only — capture exact pin on first visit
11726,GULF ICE FACTORY &COLD STORAGE  PLANT 4- STAFF  ACCOMMODATION,,GULF ICE FACTORY GROUP,,"1154/26, 1165/26, 1168/26","96, 107, 110",Sharjah,Sharjah,Industrial Area,,,,,,,,25.296384,55.427046,"https://www.google.com/maps?q=25.296384,55.427046",CONTRACT_MASTER,UNVERIFIED,ASK: EMAIL; ASK: PHONE/MOBILE; ASK: ADDRESS; ASK: TRN,"Location inherited from contract master (SL 96, 107, 110)"
11727,AL DHAID MALL,,,,1169/26,111,Sharjah,Sharjah,Al Dhaid,,,,,,,,25.280612,55.87728,"https://www.google.com/maps?q=25.280612,55.877280",CONTRACT_MASTER,UNVERIFIED,ASK: EMAIL; ASK: PHONE/MOBILE; ASK: ADDRESS; ASK: TRN,Location inherited from contract master (SL 111)
11728,MANARAT ALQARAIEN GROCERY,,,,1170/26,112,Sharjah,Sharjah,Albade'i,,,,,,,,25.250213,55.538557,"https://www.google.com/maps?q=25.250213,55.538557",CONTRACT_MASTER,VERIFIED,ASK: EMAIL; ASK: PHONE/MOBILE; ASK: ADDRESS; ASK: TRN,Location inherited from contract master (SL 112)
11729,Shaikha Hamdan Rashid Bin Khadim,+971 56 128 9289 Kumar Saga Spa,,,,,,,,"Villa 30, Dasman",,,,,,,,,,NONE,NO_LOCATION,ASK: EMAIL; ASK: PHONE/MOBILE; ASK: TRN; ASK: EMIRATE/PLACE_OF_SUPPLY; ASK: LOCATION_PIN,
11731,BARAF DESSERTS&COFFEE LLC-SHJ.BR,,,,1171/26,113,Sharjah,Sharjah,Al Rumailah,,,,,,,,25.392746,55.418353,"https://www.google.com/maps?q=25.392746,55.418353",CONTRACT_MASTER,VERIFIED,ASK: EMAIL; ASK: PHONE/MOBILE; ASK: ADDRESS; ASK: TRN,Location inherited from contract master (SL 113)
11732,AL YASMINAH REAL ESTATE INVESTMENT,,,,,,Sharjah,Sharjah,Al Nahda,Al Nahda,,Alyasminha.Realestate@hamdanoman.com,0509903888,,100461127100003,,25.301355,55.37487,"https://www.google.com/maps?q=25.301355,55.374870",AREA_CENTROID,AREA_APPROX,,District-level coordinates only — capture exact pin on first visit
11733,Iran Insurance Company L.L.C,,,,,,,,,"7th Floor, KIA Motors Building, King Abdul Aziz St",,,,,,,,,,NONE,NO_LOCATION,ASK: EMAIL; ASK: PHONE/MOBILE; ASK: TRN; ASK: EMIRATE/PLACE_OF_SUPPLY; ASK: LOCATION_PIN,
11734,Khalidha Jasem Serhan,,,,,,Sharjah,Sharjah,Bu Tina,Butina,,,,,,,25.371034,55.401896,"https://www.google.com/maps?q=25.371034,55.401896",AREA_CENTROID,AREA_APPROX,ASK: EMAIL; ASK: PHONE/MOBILE; ASK: TRN,District-level coordinates only — capture exact pin on first visit
11735,ALMUSALLA BUILDING,,,,,,,,,,,,,,,,,,,NONE,NO_LOCATION,ASK: EMAIL; ASK: PHONE/MOBILE; ASK: ADDRESS; ASK: TRN; ASK: EMIRATE/PLACE_OF_SUPPLY; ASK: LOCATION_PIN,
11736,AL ROLLA BUILDING,,,,1176/26,120,Sharjah,Sharjah,Al Shuwaiheen,,,,,,,,25.344258,55.392499,"https://www.google.com/maps?q=25.344258,55.392499",CONTRACT_MASTER,AREA_APPROX,ASK: EMAIL; ASK: PHONE/MOBILE; ASK: ADDRESS; ASK: TRN,Location inherited from contract master (SL 120)
11737,AL NABBA BUILDING,,,,1177/26,121,Sharjah,Sharjah,Al Nabba,,,,,,,,25.364588,55.396482,"https://www.google.com/maps?q=25.364588,55.396482",CONTRACT_MASTER,AREA_APPROX,ASK: EMAIL; ASK: PHONE/MOBILE; ASK: ADDRESS; ASK: TRN,Location inherited from contract master (SL 121)
11738,NASERIYA BUILDING 1,,NASERIYA BUILDINGS GROUP,,"1178/26, 1180/26","122, 124",Sharjah,Sharjah,Al Nasserya,,,,,,,,25.367673,55.408059,"https://www.google.com/maps?q=25.367673,55.408059",CONTRACT_MASTER,AREA_APPROX,ASK: EMAIL; ASK: PHONE/MOBILE; ASK: ADDRESS; ASK: TRN,"Location inherited from contract master (SL 122, 124)"
11739,NASERIYA BUILDING 2,,NASERIYA BUILDINGS GROUP,,"1178/26, 1180/26","124, 122",Sharjah,Sharjah,Al Nabba,,,,,,,,25.364588,55.396482,"https://www.google.com/maps?q=25.364588,55.396482",CONTRACT_MASTER,AREA_APPROX,ASK: EMAIL; ASK: PHONE/MOBILE; ASK: ADDRESS; ASK: TRN,"Location inherited from contract master (SL 124, 122)"
11741,NABBA BUILDING 2 (Saed Arbeed Jalawi Alarbeed),,,,,,,,,,,,,,,,,,,NONE,NO_LOCATION,ASK: EMAIL; ASK: PHONE/MOBILE; ASK: ADDRESS; ASK: TRN; ASK: EMIRATE/PLACE_OF_SUPPLY; ASK: LOCATION_PIN,
11742,Industrial 13 Building,,,,1181/26,125,Sharjah,Sharjah,Industrial Area 13,,,,,,,,25.311094,55.413447,"https://www.google.com/maps?q=25.311094,55.413447",CONTRACT_MASTER,AREA_APPROX,ASK: EMAIL; ASK: PHONE/MOBILE; ASK: ADDRESS; ASK: TRN,Location inherited from contract master (SL 125)
11743,BU TINA BLDG,,,,,,,,,,,,,,,,,,,NONE,NO_LOCATION,ASK: EMAIL; ASK: PHONE/MOBILE; ASK: ADDRESS; ASK: TRN; ASK: EMIRATE/PLACE_OF_SUPPLY; ASK: LOCATION_PIN,
11744,ALSOOR BUILDING,,,,1183/26,127,Sharjah,Sharjah,Al Soor,,,,,,,,25.349308,55.385969,"https://www.google.com/maps?q=25.349308,55.385969",CONTRACT_MASTER,AREA_APPROX,ASK: EMAIL; ASK: PHONE/MOBILE; ASK: ADDRESS; ASK: TRN,Location inherited from contract master (SL 127)
11745,DAR AL HOSHY LADIES SALON L.L.C,,,,1185/26,129,Sharjah,Sharjah,Hoshi,,,,,,,,25.3096,55.5074,"https://www.google.com/maps?q=25.309600,55.507400",CONTRACT_MASTER,AREA_APPROX,ASK: EMAIL; ASK: PHONE/MOBILE; ASK: ADDRESS; ASK: TRN,Location inherited from contract master (SL 129)
11746,YARMOOK BLDG,,YARMOOK BUILDINGS GROUP,,1186/26,130,Sharjah,Sharjah,Al Yarmook,,,,,,,,25.350508,55.404911,"https://www.google.com/maps?q=25.350508,55.404911",CONTRACT_MASTER,AREA_APPROX,ASK: EMAIL; ASK: PHONE/MOBILE; ASK: ADDRESS; ASK: TRN,Location inherited from contract master (SL 130)
11747,YARMOOK BUILDING,,YARMOOK BUILDINGS GROUP,,1187/26,131,Sharjah,Sharjah,Al Yarmook,,,,,,,,25.350508,55.404911,"https://www.google.com/maps?q=25.350508,55.404911",CONTRACT_MASTER,AREA_APPROX,ASK: EMAIL; ASK: PHONE/MOBILE; ASK: ADDRESS; ASK: TRN,Location inherited from contract master (SL 131)
11748,MUWAILAH 3649 BLDG,,MUWAILAH BUILDINGS GROUP,,1188/26,132,Sharjah,Sharjah,Muweilah Commercial,,,,,,,,25.291494,55.448292,"https://www.google.com/maps?q=25.291494,55.448292",CONTRACT_MASTER,UNVERIFIED,ASK: EMAIL; ASK: PHONE/MOBILE; ASK: ADDRESS; ASK: TRN,Location inherited from contract master (SL 132)
11749,MUWAILAH 6654 BLDG,,MUWAILAH BUILDINGS GROUP,,1188/26,132,Sharjah,Sharjah,Muweilah Commercial,,,,,,,,25.291494,55.448292,"https://www.google.com/maps?q=25.291494,55.448292",CONTRACT_MASTER,UNVERIFIED,ASK: EMAIL; ASK: PHONE/MOBILE; ASK: ADDRESS; ASK: TRN,Location inherited from contract master (SL 132)
11751,MUWAILAH 2268 BLDG,,MUWAILAH BUILDINGS GROUP,,1189/26,133,Sharjah,Sharjah,Muwaileh,,,,,,,,25.295924,55.486309,"https://www.google.com/maps?q=25.295924,55.486309",CONTRACT_MASTER,AREA_APPROX,ASK: EMAIL; ASK: PHONE/MOBILE; ASK: ADDRESS; ASK: TRN,Location inherited from contract master (SL 133)
11752,MUWAILAH 1601 BLDG,,MUWAILAH BUILDINGS GROUP,,1190/26,134,Sharjah,Sharjah,Muwaileh,,,,,,,,25.295924,55.486309,"https://www.google.com/maps?q=25.295924,55.486309",CONTRACT_MASTER,AREA_APPROX,ASK: EMAIL; ASK: PHONE/MOBILE; ASK: ADDRESS; ASK: TRN,Location inherited from contract master (SL 134)
11753,SALIM ALI MOHAMMED BUTTU MHEIRI &PARTNERS,G+2,,,,,,,,Mujarah Building (G+2),,,,,,,,,,NONE,NO_LOCATION,ASK: EMAIL; ASK: PHONE/MOBILE; ASK: TRN; ASK: EMIRATE/PLACE_OF_SUPPLY; ASK: LOCATION_PIN,
11754,LATE OBAID YAQOUB ABDALLA AL MUHERI,,,,,,,,,,,,,,,,,,,NONE,NO_LOCATION,ASK: EMAIL; ASK: PHONE/MOBILE; ASK: ADDRESS; ASK: TRN; ASK: EMIRATE/PLACE_OF_SUPPLY; ASK: LOCATION_PIN,
11755,DAR ALMARJAN SWEETS,,,,1194/26,138,Sharjah,Sharjah,Al Gharb,,,,,,,,25.358866,55.387466,"https://www.google.com/maps?q=25.358866,55.387466",CONTRACT_MASTER,VERIFIED,ASK: EMAIL; ASK: PHONE/MOBILE; ASK: ADDRESS; ASK: TRN,Location inherited from contract master (SL 138)
11756,EASY LIFE SUPERMARKET L.L.C SP,,,,1195/26,139,Sharjah,Sharjah,Al Gharb,,,,,,,,25.359063,55.387988,"https://www.google.com/maps?q=25.359063,55.387988",CONTRACT_MASTER,VERIFIED,ASK: EMAIL; ASK: PHONE/MOBILE; ASK: ADDRESS; ASK: TRN,Location inherited from contract master (SL 139)
11757,SHAMS ALNAHDA GENTS SALON,,,,1196/26,140,Sharjah,Sharjah,Al Nahda,,,,,,,,25.301355,55.37487,"https://www.google.com/maps?q=25.301355,55.374870",CONTRACT_MASTER,AREA_APPROX,ASK: EMAIL; ASK: PHONE/MOBILE; ASK: ADDRESS; ASK: TRN,Location inherited from contract master (SL 140)
11758,AL MAWRID PRINTING & ADV. IND. LLC.,,AL MAWRID PRINTING GROUP,,"1197/26, 1201/26","141, 145",Sharjah,Sharjah,Industrial Area,,,,,,,,25.287213,55.429521,"https://www.google.com/maps?q=25.287213,55.429521",CONTRACT_MASTER,VERIFIED,ASK: EMAIL; ASK: PHONE/MOBILE; ASK: ADDRESS; ASK: TRN,"Location inherited from contract master (SL 141, 145)"
11759,Dar Al Diyafah Real Estate,,,,,,Sharjah,Sharjah,Al Qasimia,"​57, Sheikh Saqr Bin Khalid Al Qasimi street​G Floor Bu Daniq, Al Qasimiah",61171,,,,,,25.341179,55.395932,"https://www.google.com/maps?q=25.341179,55.395932",AREA_CENTROID,AREA_APPROX,ASK: EMAIL; ASK: PHONE/MOBILE; ASK: TRN,District-level coordinates only — capture exact pin on first visit
11761,ALYASMINAH REALESTATE INVE,,,,,,,,,,,,,,,,,,,NONE,NO_LOCATION,ASK: EMAIL; ASK: PHONE/MOBILE; ASK: ADDRESS; ASK: TRN; ASK: EMIRATE/PLACE_OF_SUPPLY; ASK: LOCATION_PIN,
11762,NOOR AL QAMAR RES.,,,,,,,,,,,,,,,,,,,NONE,NO_LOCATION,ASK: EMAIL; ASK: PHONE/MOBILE; ASK: ADDRESS; ASK: TRN; ASK: EMIRATE/PLACE_OF_SUPPLY; ASK: LOCATION_PIN,
11763,SINA AUTOMATIC BAKERY - BR1,,,,1199/26,143,Sharjah,Sharjah,Al Dhaid,,,,,,,,25.203441,55.966304,"https://www.google.com/maps?q=25.203441,55.966304",CONTRACT_MASTER,VERIFIED,ASK: EMAIL; ASK: PHONE/MOBILE; ASK: ADDRESS; ASK: TRN,Location inherited from contract master (SL 143)
11764,NAEEMA TOWER,,NAEEMA TOWER GROUP,,"1173/26, 1200/26","115, 144",Sharjah,Sharjah,Al Majarrah,,,,,,,,25.36637,55.391879,"https://www.google.com/maps?q=25.366370,55.391879",CONTRACT_MASTER,AREA_APPROX,ASK: EMAIL; ASK: PHONE/MOBILE; ASK: ADDRESS; ASK: TRN,"Location inherited from contract master (SL 115, 144)"
11765,AL MAWRID PRINTING & ADVT. IND. LLC.UAQ.BR.,,AL MAWRID PRINTING GROUP,,"1197/26, 1201/26","145, 141",Sharjah,Sharjah,Umm Al Thuoob,,,,,,,,25.54362,55.685774,"https://www.google.com/maps?q=25.543620,55.685774",CONTRACT_MASTER,VERIFIED,ASK: EMAIL; ASK: PHONE/MOBILE; ASK: ADDRESS; ASK: TRN,"Location inherited from contract master (SL 145, 141)"
11766,RUKN AL SHWAIHEAN SUPERMARKET LLC.,,,,1202/26,146,Sharjah,Sharjah,Al Gharb,,,,,,,,25.360172,55.386605,"https://www.google.com/maps?q=25.360172,55.386605",CONTRACT_MASTER,VERIFIED,ASK: EMAIL; ASK: PHONE/MOBILE; ASK: ADDRESS; ASK: TRN,Location inherited from contract master (SL 146)
11767,SHAMAAT AL MADEENA RESTAURANT   L.L.C.SP,,,",",1203/26,147,Sharjah,Sharjah,Industrial Area,,,,,,,,25.316797,55.430493,"https://www.google.com/maps?q=25.316797,55.430493",CONTRACT_MASTER,VERIFIED,ASK: EMAIL; ASK: PHONE/MOBILE; ASK: ADDRESS; ASK: TRN,Location inherited from contract master (SL 147)
11768,MASTER CAKE SWEETS PREPARING,,,,,,Sharjah,Sharjah,Muwaileh,Muwaileh,,,,,,,25.295924,55.486309,"https://www.google.com/maps?q=25.295924,55.486309",AREA_CENTROID,AREA_APPROX,ASK: EMAIL; ASK: PHONE/MOBILE; ASK: TRN,District-level coordinates only — capture exact pin on first visit
11769,MASTER CAKE SWEETS PREPARING (Dubai),,,,,,Dubai,Dubai,,Al Warqa,,,,,,,25.2048,55.2708,"https://www.google.com/maps?q=25.204800,55.270800",AREA_CENTROID,AREA_APPROX,ASK: EMAIL; ASK: PHONE/MOBILE; ASK: TRN,Emirate-level coordinates only — capture exact pin on first visit
11771,WALEED KHALID ALIYAQOUT,,,,,,,,,"Marva  Building, Al Majas",,,,,,,,,,NONE,NO_LOCATION,ASK: EMAIL; ASK: PHONE/MOBILE; ASK: TRN; ASK: EMIRATE/PLACE_OF_SUPPLY; ASK: LOCATION_PIN,
11772,AL Ramz Real Estate,,,,,,,,,Jebal Ali,,alramzrealestate@gmail.com,,+971585998056,,,,,,NONE,NO_LOCATION,ASK: TRN; ASK: EMIRATE/PLACE_OF_SUPPLY; ASK: LOCATION_PIN,
11773,SUCCESS POINT SUPPORTIVE EDUCATION SERVICES,,,,1204/26,148,Sharjah,Sharjah,Muweilah Commercial,,,,,,,,25.288678,55.448225,"https://www.google.com/maps?q=25.288678,55.448225",CONTRACT_MASTER,VERIFIED,ASK: EMAIL; ASK: PHONE/MOBILE; ASK: ADDRESS; ASK: TRN,Location inherited from contract master (SL 148)
11774,Saud Alawghani,,,,,,,,,Kavanij,,,,+971508760006,,,,,,NONE,NO_LOCATION,ASK: EMAIL; ASK: TRN; ASK: EMIRATE/PLACE_OF_SUPPLY; ASK: LOCATION_PIN,
11775,FAYSAL HOSSAIN GROCERY L.L.CSP,,,,1205/26,149,Sharjah,Sharjah,Al Saja'a Industrial,,,,,,,,25.337386,55.641287,"https://www.google.com/maps?q=25.337386,55.641287",CONTRACT_MASTER,VERIFIED,ASK: EMAIL; ASK: PHONE/MOBILE; ASK: ADDRESS; ASK: TRN,Location inherited from contract master (SL 149)
11776,LOYAL ELECTRICAL CONTRACTING LLC,,,,,,Sharjah,Sharjah,Industrial Area 4,"INDUSTRIAL aREA 4 Sharjah, Behaind the king Abdulaziz Street ,Apt No ; 111",,,,,,,25.311094,55.413447,"https://www.google.com/maps?q=25.311094,55.413447",AREA_CENTROID,AREA_APPROX,ASK: EMAIL; ASK: PHONE/MOBILE; ASK: TRN,District-level coordinates only — capture exact pin on first visit
11777,LIVA INSURANCE B.S.C CLOSED,,,,,,Dubai,Dubai,,"Office No. 3804-3704/3801-3702;38th Floo, Sheikh Zayed Road, Trade Centre - Bur Dubai, Dubai,",,,,+971564339032,100000847200003,,25.2048,55.2708,"https://www.google.com/maps?q=25.204800,55.270800",AREA_CENTROID,AREA_APPROX,ASK: EMAIL,Emirate-level coordinates only — capture exact pin on first visit
11778,Valtrans,,,,,,,,,"28th floor,EHK oFFICE IN 14th Floor",,,,,,,,,,NONE,NO_LOCATION,ASK: EMAIL; ASK: PHONE/MOBILE; ASK: TRN; ASK: EMIRATE/PLACE_OF_SUPPLY; ASK: LOCATION_PIN,
11779,JOYALLUKAS EXCHANGE Br,,,,,,Sharjah,Sharjah,Industrial Area 2,"Ind 2  Sharjah,, Sheik Khaled Ahmed Sulthan Al Qassemi Building-Shop No : 12",,,,,,,25.311094,55.413447,"https://www.google.com/maps?q=25.311094,55.413447",AREA_CENTROID,AREA_APPROX,ASK: EMAIL; ASK: PHONE/MOBILE; ASK: TRN,District-level coordinates only — capture exact pin on first visit
11781,BURJ BABIL FOODSTUFF TR L.L.C,,,,1209/26,153,Sharjah,Sharjah,Industrial Area 13,"Bldg 5 ,Ind Area 13",33886,,065564228,,104758693600003,,25.302103,55.436112,"https://www.google.com/maps?q=25.302103,55.436112",CONTRACT_MASTER,VERIFIED,ASK: EMAIL,Location inherited from contract master (SL 153)
11782,GULF PASTRY SHJ. BR.-BRANCH 1,,GULF PASTRY GROUP,,"1210/26, 1229/26","154, 172",Sharjah,Sharjah,Sharjah,,,,,,,,25.312649,55.456798,"https://www.google.com/maps?q=25.312649,55.456798",CONTRACT_MASTER,VERIFIED,ASK: EMAIL; ASK: PHONE/MOBILE; ASK: ADDRESS; ASK: TRN,"Location inherited from contract master (SL 154, 172)"
11783,BUNASER ALSHERIF,,,,,,Sharjah,Sharjah,Al Suyoh,"Villa No : 116,Al suyoh/ Sharjah",,,,+971507702220,,,25.3463,55.4209,"https://www.google.com/maps?q=25.346300,55.420900",AREA_CENTROID,AREA_APPROX,ASK: EMAIL; ASK: TRN,District-level coordinates only — capture exact pin on first visit
11784,Abdalla Alzari,,,,,,,,,Juraina,,,0553992399,,,,,,,NONE,NO_LOCATION,ASK: EMAIL; ASK: TRN; ASK: EMIRATE/PLACE_OF_SUPPLY; ASK: LOCATION_PIN,
11785,ALKHOUD BEAUTY CENTER,,,,1211/26,155,Sharjah,Sharjah,Tayebah,,,,,,,,25.269776,55.876958,"https://www.google.com/maps?q=25.269776,55.876958",CONTRACT_MASTER,VERIFIED,ASK: EMAIL; ASK: PHONE/MOBILE; ASK: ADDRESS; ASK: TRN,Location inherited from contract master (SL 155)
11786,VAKSON REAL ESTATE,,,,,,,,,"Al Tawon Tower, Al Wahda",,,,,,,,,,NONE,NO_LOCATION,ASK: EMAIL; ASK: PHONE/MOBILE; ASK: TRN; ASK: EMIRATE/PLACE_OF_SUPPLY; ASK: LOCATION_PIN,
11787,DERMA ZONE LASER & COSMMETIC CENTER,,,,,,,,,Nouf,,,,,,,,,,NONE,NO_LOCATION,ASK: EMAIL; ASK: PHONE/MOBILE; ASK: TRN; ASK: EMIRATE/PLACE_OF_SUPPLY; ASK: LOCATION_PIN,
11788,ASAS REAL ESTATE L.L.C SP,,,,,,Sharjah,Sharjah,Industrial Area 10,"Wahat Al Nejoum,  Camp 110,Industrial 10,, Sharjah",,,,+971523340726,,,25.311094,55.413447,"https://www.google.com/maps?q=25.311094,55.413447",AREA_CENTROID,AREA_APPROX,ASK: EMAIL; ASK: TRN,District-level coordinates only — capture exact pin on first visit
11789,Liwa Games,,,,,,,,,Shop 4 Qaryran,,,,0521424849,,,,,,NONE,NO_LOCATION,ASK: EMAIL; ASK: TRN; ASK: EMIRATE/PLACE_OF_SUPPLY; ASK: LOCATION_PIN,
11791,GP LUBRICANT GROWTH & PROSPERITY,,,,,,Sharjah,Sharjah,Al Hamriyah,"Plot 2J-01,02&3E,Hamriyah Free zone,Phase 1, Sharjah",,gpfze_terminal@generalpetroleum.ae,,+971503496468,,,25.456513,55.513359,"https://www.google.com/maps?q=25.456513,55.513359",AREA_CENTROID,AREA_APPROX,ASK: TRN,District-level coordinates only — capture exact pin on first visit
11792,SLS EDUCATION SUPPORT SERVICES CENTER LLC SHJ BR,,,,,,,,,"Aster Pharmacy Building- Al Shaiba Building, Floor No : 203",,,,+971551379646,,,,,,NONE,NO_LOCATION,ASK: EMAIL; ASK: TRN; ASK: EMIRATE/PLACE_OF_SUPPLY; ASK: LOCATION_PIN,
11793,Al Shamz Medical Centre,,,,,,,,,"Al Nayeli Building No 13,Industrail 15",,,,,100249481100003,,,,,NONE,NO_LOCATION,ASK: EMAIL; ASK: PHONE/MOBILE; ASK: EMIRATE/PLACE_OF_SUPPLY; ASK: LOCATION_PIN,
11794,AL MURAD REALESTATE LLC,,,,,,Ajman,Ajman,,Ajman,,,,0547678555,100228320600003,,25.4052,55.5136,"https://www.google.com/maps?q=25.405200,55.513600",AREA_CENTROID,AREA_APPROX,ASK: EMAIL,Emirate-level coordinates only — capture exact pin on first visit
11795,THE CRUMB CAFE,,,,,,,,,,,,,,,,,,,NONE,NO_LOCATION,ASK: EMAIL; ASK: PHONE/MOBILE; ASK: ADDRESS; ASK: TRN; ASK: EMIRATE/PLACE_OF_SUPPLY; ASK: LOCATION_PIN,
11796,AL SAHM PHARMACY,,,,"1085/25, 1215/26","158, 36",Sharjah,Sharjah,Al Hosn,,,,,,,,25.287972,55.882369,"https://www.google.com/maps?q=25.287972,55.882369",CONTRACT_MASTER,VERIFIED,ASK: EMAIL; ASK: PHONE/MOBILE; ASK: ADDRESS; ASK: TRN,"Location inherited from contract master (SL 158, 36)"
11797,QATR ALNADA LADIES SALON,,,,1221/26,164,Sharjah,Sharjah,Halwan,,,,,,,,25.345116,55.429193,"https://www.google.com/maps?q=25.345116,55.429193",CONTRACT_MASTER,VERIFIED,ASK: EMAIL; ASK: PHONE/MOBILE; ASK: ADDRESS; ASK: TRN,Location inherited from contract master (SL 164)
11798,"CENTRAL REGION -ALDHAID- SHJ, U.A.E",,,,,,,,,,,,,,,,,,,NONE,NO_LOCATION,ASK: EMAIL; ASK: PHONE/MOBILE; ASK: ADDRESS; ASK: TRN; ASK: EMIRATE/PLACE_OF_SUPPLY; ASK: LOCATION_PIN,
11799,OTRO BEAUTY SALOON AND SPA SHJ.BR,,,,1222/26,165,Sharjah,Sharjah,Al Suwaih,,,,,,,,25.288107,55.909838,"https://www.google.com/maps?q=25.288107,55.909838",CONTRACT_MASTER,VERIFIED,ASK: EMAIL; ASK: PHONE/MOBILE; ASK: ADDRESS; ASK: TRN,Location inherited from contract master (SL 165)
11811,NIAJARA CAFETERIA,,,,1223/26,166,Sharjah,Sharjah,Al Qasimia,,,,,,,,25.334654,55.394604,"https://www.google.com/maps?q=25.334654,55.394604",CONTRACT_MASTER,VERIFIED,ASK: EMAIL; ASK: PHONE/MOBILE; ASK: ADDRESS; ASK: TRN,Location inherited from contract master (SL 166)
11812,RETAN BEAUTY CENTER,,,,1224/26,167,Sharjah,Sharjah,Al Rahmaniya,,,,,,,,25.362547,55.569933,"https://www.google.com/maps?q=25.362547,55.569933",CONTRACT_MASTER,VERIFIED,ASK: EMAIL; ASK: PHONE/MOBILE; ASK: ADDRESS; ASK: TRN,Location inherited from contract master (SL 167)
11813,ALMARJAN BODY BUILDING,,,,1225/26,168,Sharjah,Sharjah,Al Majaz,,,,,,,,25.3394,55.385853,"https://www.google.com/maps?q=25.339400,55.385853",CONTRACT_MASTER,VERIFIED,ASK: EMAIL; ASK: PHONE/MOBILE; ASK: ADDRESS; ASK: TRN,Location inherited from contract master (SL 168)
11814,Salim Ali Mohamed Buttu Al Mheiri& Partners,,,,,,,,,Mujarah Building (G+2),,,,,,,,,,NONE,NO_LOCATION,ASK: EMAIL; ASK: PHONE/MOBILE; ASK: TRN; ASK: EMIRATE/PLACE_OF_SUPPLY; ASK: LOCATION_PIN,
11815,NIHAL,,,,,,Sharjah,Sharjah,Al Qasimia,"Al Qasimia City,Al Madam",,,,0522502190,,,25.341179,55.395932,"https://www.google.com/maps?q=25.341179,55.395932",AREA_CENTROID,AREA_APPROX,ASK: EMAIL; ASK: TRN,District-level coordinates only — capture exact pin on first visit
11816,Caesar Confectionary LLC. BR .SHJ. Warehouse1,,CAESAR CONFECTIONARY GROUP,,"1050/25, 1051/25","15, 16",Sharjah,Sharjah,Al Gharb,,,,,,,,25.352503,55.389499,"https://www.google.com/maps?q=25.352503,55.389499",CONTRACT_MASTER,VERIFIED,ASK: EMAIL; ASK: PHONE/MOBILE; ASK: ADDRESS; ASK: TRN,"Location inherited from contract master (SL 15, 16)"
11817,ALSAMA ALSAFI LADIES SALON,,,,1228/26,171,Sharjah,Sharjah,Al Qasimia,,,,,,,,25.342482,55.398972,"https://www.google.com/maps?q=25.342482,55.398972",CONTRACT_MASTER,VERIFIED,ASK: EMAIL; ASK: PHONE/MOBILE; ASK: ADDRESS; ASK: TRN,Location inherited from contract master (SL 171)
11818,GULF PASTRY SHJ.BR,,GULF PASTRY GROUP,,"1210/26, 1229/26","172, 154",Sharjah,Sharjah,Sharjah,,,,,,,,25.312649,55.456798,"https://www.google.com/maps?q=25.312649,55.456798",CONTRACT_MASTER,VERIFIED,ASK: EMAIL; ASK: PHONE/MOBILE; ASK: ADDRESS; ASK: TRN,"Location inherited from contract master (SL 172, 154)"
11819,BAREEQ AL SHAI CAFETERIA L.L.C,,,,1232/26,175,Sharjah,Sharjah,Al Nahda,,,,,,,,25.299571,55.36958,"https://www.google.com/maps?q=25.299571,55.369580",CONTRACT_MASTER,VERIFIED,ASK: EMAIL; ASK: PHONE/MOBILE; ASK: ADDRESS; ASK: TRN,Location inherited from contract master (SL 175)
11821,LUZERN BEAUTY CENTER,,,,1233/26,176,Sharjah,Sharjah,Tayebah,,,,,,,,25.270149,55.886547,"https://www.google.com/maps?q=25.270149,55.886547",CONTRACT_MASTER,VERIFIED,ASK: EMAIL; ASK: PHONE/MOBILE; ASK: ADDRESS; ASK: TRN,Location inherited from contract master (SL 176)
11822,Osamm Abid’s Restaurant LLC,,,,1235/26,178,Sharjah,Sharjah,Al Nahda,"Mamzar Gate Building , Al Nahda",,,,,105234649900003,,25.283694,55.356525,"https://www.google.com/maps?q=25.283694,55.356525",CONTRACT_MASTER,VERIFIED,ASK: EMAIL; ASK: PHONE/MOBILE,Location inherited from contract master (SL 178)
11823,SATGURU TRAVEL & TOURISM LLC,,,,,,,,,"Level 3, Latifa Tower,Trade Center 1,, Sheikh Zayed Road,",252150,,,+97145561050,100534298300003,,,,,NONE,NO_LOCATION,ASK: EMAIL; ASK: EMIRATE/PLACE_OF_SUPPLY; ASK: LOCATION_PIN,
11824,MUMBAI AND CHINESE RESTAURANT LLC - SHJ. BR1,,,,,,,,,,,,,,,,,,,NONE,NO_LOCATION,ASK: EMAIL; ASK: PHONE/MOBILE; ASK: ADDRESS; ASK: TRN; ASK: EMIRATE/PLACE_OF_SUPPLY; ASK: LOCATION_PIN,
11825,MY GOVINDAS RESTAURANT,,,,,,Sharjah,Sharjah,Abu Shagara,Abushagara Sharjah,,,,,,,25.336248,55.395397,"https://www.google.com/maps?q=25.336248,55.395397",AREA_CENTROID,AREA_APPROX,ASK: EMAIL; ASK: PHONE/MOBILE; ASK: TRN,District-level coordinates only — capture exact pin on first visit
11826,NASEEM AL BARARY SUPERMARKET LLC,,,,,,,,,,,,,,,,,,,NONE,NO_LOCATION,ASK: EMAIL; ASK: PHONE/MOBILE; ASK: ADDRESS; ASK: TRN; ASK: EMIRATE/PLACE_OF_SUPPLY; ASK: LOCATION_PIN,
11827,RUKN ALKHARIF FOODSTUFF TR L.L.C,,,,,,,,,,,,,,,,,,,NONE,NO_LOCATION,ASK: EMAIL; ASK: PHONE/MOBILE; ASK: ADDRESS; ASK: TRN; ASK: EMIRATE/PLACE_OF_SUPPLY; ASK: LOCATION_PIN,
